nombre;categoria;rvc;epochs;language;enlace;nombre2;rvc2;epochs2;language2;enlace2;nombre3;rvc3;epochs3;language3;enlace3;nombre4;rvc4;epochs4;language4;enlace4;nombre5;rvc5;epochs5;language5;enlace5;nombre6;rvc6;epochs6;language6;enlace6;nombre7;rvc7;epochs7;language7;enlace7;nombre8;rvc8;epochs8;language8;enlace8;nombre9;rvc9;epochs9;language9;enlace9;nombre10;rvc10;epochs10;language10;enlace10
A$AP, Rocky;Singer;RVC;;;https://app.kits.ai/convert/shared/adollarap-rocky;;;;;;;;;;;;;;;;;;;;;;;;;;;;;;;;;;;;;;;;;;;;;
Aatrox;League of Legends;RVC2;1000;;https://huggingface.co/AyyMann/AyyMannAI/resolve/main/AatroxTheDarkinBlade.zip?download=true;Aatrox ;RVC2;300;;https://huggingface.co/trinitytf/Aatrox/resolve/main/Aatrox.zip;Aatrox ;RVCV2;300;Portugues;https://huggingface.co/AlbinoSenpai/aatrox/resolve/main/aatrox.zip;Aatrox ;RVC2;275;;;;;;;;;;;;;;;;;;;;;;;;;;;;;;;;
Adele;Singer;RVC2;300;;https://huggingface.co/GoDZ21/AdeleAI_21Era_RVCv2_rmvpe/resolve/main/adele_twentyoneera_RVCv2.zip;Adele;RVC;400;;https://drive.google.com/file/d/1454sbUV0We23y9a7QkoTXfY52HXorTCV/view?usp=share_link;Adele;RVCV2, RMVPE;500;;https://huggingface.co/Bilious/Adele30Model/resolve/main/Adele30Model.zip?download=true;Adele;RVCV2;470;;https://huggingface.co/AIVER-SE/Adele/resolve/main/Adele.zip;;;;;;;;;;;;;;;;;;;;;;;;;;;;;;
Adolf Hitler;Politician;RVC2;200;Austrian;https://huggingface.co/Stevenojob/austrian_painter/resolve/main/austrian%20painter.zip?download=true;Adolf Hitler;RVC2;200;;https://huggingface.co/MrDawg/AdolfERB/blob/main/AdolfERB.zip;;;;;;;;;;;;;;;;;;;;;;;;;;;;;;;;;;;;;;;;
Amber;Brawl Stars;;;;https://huggingface.co/fernandogg2009/Amber/resolve/main/Amber.zip?download=true;;;;;;;;;;;;;;;;;;;;;;;;;;;;;;;;;;;;;;;;;;;;;
Anakin Skywalker ;Star Wars;;500;;https://models.weights.gg/cloampk6400wkwsj798mvv18c.zip;Anakin Skywalker ;RVC2;500;;https://huggingface.co/TJKAI/AnakinSkywalker/resolve/main/AnakinSkywalker.zip;Anakin Skywalker ;RVC2;500;;https://huggingface.co/Akitai/AnakinCGI/resolve/main/AnakinCGI.zip;;;;;;;;;;;;;;;;;;;;;;;;;;;;;;;;;;;
Android 13;Dragon Ball;RVC2;300;;https://huggingface.co/SyberGen/DragonBallVModels/resolve/main/Android13.zip;;;;;;;;;;;;;;;;;;;;;;;;;;;;;;;;;;;;;;;;;;;;;
Android 16 ;Dragon Ball;RVC2;300;;https://huggingface.co/SyberGen/DragonBall-Ov2Super/resolve/main/Android16-FighterZ.zip?download=true;;;;;;;;;;;;;;;;;;;;;;;;;;;;;;;;;;;;;;;;;;;;;
Android 21;Dragon Ball;RVC2;300;;https://huggingface.co/SyberGen/DragonBallVModels/resolve/main/Android21Evil.zip?download=true;Android 21 ;RVC2;300;;https://huggingface.co/SyberGen/DragonBallVModels/resolve/main/Android21Good.zip;Android 21 ;RVC2;300;;https://huggingface.co/SyberGen/DragonBallVModels/resolve/main/Android21-LabCoat.zip?download=true;;;;;;;;;;;;;;;;;;;;;;;;;;;;;;;;;;;
Andy Black;Singer;RVC2;490;;https://huggingface.co/SUP3RMASS1VE/Andy-Black-0v2/resolve/main/Andy%20Black%200v2.zip?download=true;Andy Black;RVC2;200;;https://huggingface.co/SUP3RMASS1VE/AndyBlack/resolve/main/AndyBlack.zip;Andy Black;RVC2;700;;https://huggingface.co/SUP3RMASS1VE/Andy-Black/resolve/main/Andy-Black.zip;;;;;;;;;;;;;;;;;;;;;;;;;;;;;;;;;;;
Angel Dust;Hazbin Hotel;RVC2, OV2;300;Português;https://huggingface.co/BunnyToon/angel-cantando/resolve/main/angel.zip?download=true;Angel Dust;RVC2, RVMPE;250;;https://huggingface.co/ScruffyRVC/RFCRVCV2/resolve/main/AngelDust.zip?download=true;Angel Dust;RVC2;260;Português;https://huggingface.co/BunnyToon/angel/resolve/main/angel.zip?download=true;Angel Dust;RVC2;1000;Italian;https://huggingface.co/Loren85/Angel-Dust-Hazbin-Hotel-Ita/resolve/main/Angel%20Dust%20Hazbin%20Hotel%20ita.zip?download=true;Angel Dust;RVC2, OV2;350;italian;https://huggingface.co/Loren85/Angel-Dust-Italiano-Hazbin-hotel/resolve/main/Angel%20Dust%20Ita.zip?download=true;Angel Dust;RVC2, RVMPE;800;;https://huggingface.co/ScruffyRVC/RFCRVCV2/resolve/main/angeldust2.zip?download=true;Angel Dust;RVC2;1000;;https://huggingface.co/Loren85/Angel-dust-New-Voice/resolve/main/Angel%20Dust%20New%20Voice.zip?download=true;;;;;;;;;;;;;;;
Angelo;Brawl Stars;RVC2, RMVPE;200;;https://huggingface.co/PlayerBPlaytime/My-Models/resolve/main/Angelo.zip;;;;;;;;;;;;;;;;;;;;;;;;;;;;;;;;;;;;;;;;;;;;;
Anna;Frozen;RVC2;600;;https://huggingface.co/SCRFilms/AnnaFrozenV3/resolve/main/Anna_V6_rmvpe_600_10batch.zip?download=true;Anna;RVC2;600;;https://huggingface.co/SCRFilms/AnnaFrozenV3/resolve/main/AnnaFrozenV3.zip?download=true;Anna;RVC2;500;;https://huggingface.co/SCRFilms/AnnaFrozen/resolve/main/AnnaFrozen_1.zip;;;;;;;;;;;;;;;;;;;;;;;;;;;;;;;;;;;
Annonceurs COD CW - Faction BND;Call of Duty;;;;https://models.weights.gg/3fce38df-ea55-429e-aabc-30381fb6f875.zip;Annonceurs COD CW - Faction CIA;;;;https://models.weights.gg/30e59e21-54f9-4a65-9a07-1fb9cce9497b.zip;Annonceurs COD CW - Faction DGI;;;;https://models.weights.gg/2d6658c6-0360-4588-b132-ad82152a20f3.zip;Annonceurs COD CW - Faction HVA;;;;https://models.weights.gg/95a739dd-2276-488e-8174-1678ca908141.zip;Annonceurs COD CW - Faction KGB;;;;https://models.weights.gg/0af855cd-ff39-4819-91e9-f6120f198918.zip;Annonceurs COD CW - Faction MI6;;;;https://models.weights.gg/1e1f211b-7051-410c-bcf4-ea437a5803f3.zip;;;;;;;;;;;;;;;;;;;;
Antonino Cannavaciuolo;;RMVPE;250;Italian;https://huggingface.co/FanFierik/Antonino/resolve/main/Antonino.zip?download=true;Antonino Cannavaciuolo;RVC2;250;;https://huggingface.co/FanFierik/Antonino/resolve/main/Antonino.zip;;;;;;;;;;;;;;;;;;;;;;;;;;;;;;;;;;;;;;;;
Antonio Cassano;Footballer;RVC2;300;Italian;https://huggingface.co/antoskyron/cassano/resolve/main/cassano.zip;;;;;;;;;;;;;;;;;;;;;;;;;;;;;;;;;;;;;;;;;;;;;
Anuel AA;Singer;RVC2;400;;https://huggingface.co/TexX/RVC_Models/resolve/main/Anuel_AA.zip;Anuel AA;RVC2;200;;https://huggingface.co/Dragonite/Anuel_AAv3/resolve/main/AnuelAA.zip;;;;;;;;;;;;;;;;;;;;;;;;;;;;;;;;;;;;;;;;
Aoyama Nagisa;Actor;RVC2;460;;https://huggingface.co/Clarkseokjin/Seiyuu-Singing/resolve/main/AoyamaNagisa.zip;Aoyama Nagisa;RMVPE;460;;https://models.weights.gg/cloentb4i0000wsbtmzsyj05i.zip;;;;;;;;;;;;;;;;;;;;;;;;;;;;;;;;;;;;;;;;
Aria Blaze;My Little Pony;RVC2;450;;https://huggingface.co/shadowlight2784/Aria_Blaze_450_Epochs_RVC/resolve/main/Aria%20Blaze.zip;Aria Blaze ;RVC2;250;;https://drive.google.com/file/d/1KUS-GBjSuY36-anEeGMgqDJqxWGDuHFL/view?usp=sharing;Aria Blaze ;RVC2;400;;https://huggingface.co/MusicBox27/MyLittlePonyRVC/resolve/main/AriaBlazeV3.zip?download=true;;;;;;;;;;;;;;;;;;;;;;;;;;;;;;;;;;;
Arnold Schwarzenegger;Actor;RVC2;220;;https://huggingface.co/Hazza1/Terminator/resolve/main/terminator.zip;;;;;;;;;;;;;;;;;;;;;;;;;;;;;;;;;;;;;;;;;;;;;
Arsenio ;Lupin III;RVC2;300;Italian;https://huggingface.co/FanFierik/Lupin/resolve/main/Lupin.zip;Arsenio ;RVC2;300;Italian;https://huggingface.co/FanFierik/Lupin2/resolve/main/Lupin2.zip;Arsenio;RVC2;300;;https://huggingface.co/FanFierik/Lupin2/resolve/main/Lupin2.zip;;;;;;;;;;;;;;;;;;;;;;;;;;;;;;;;;;;
Ash Ketchum;Pokémon;RVC2;250;English;https://huggingface.co/ecartersterling/AshKetchumRVC/resolve/main/AshKetchumRVC.zip;Ash Ketchum;RVC2;370;Polish;https://huggingface.co/Nikt271/Ash/resolve/main/Ash%20Ketchum.zip?download=true;Ash Ketchum;RVC2;350;English;https://huggingface.co/Slkdow/XYZAshKetchum/resolve/main/AshKetchumxyzV2.zip;;;;;;;;;;;;;;;;;;;;;;;;;;;;;;;;;;;
Asmodeus ;Hazbin Hotel;RVC2, OV2;500;;https://huggingface.co/ScruffyRVC/RFCRVCV2/resolve/main/asmodeus.zip?download=true;Asmodeus ;RVC2;250;Português;https://huggingface.co/BunnyToon/asmodeus/resolve/main/asmodeus.zip?download=true;Asmodeus ;RVC2;250;;https://huggingface.co/melissalol/Asmodeus/resolve/main/Asmodeus.zip;;;;;;;;;;;;;;;;;;;;;;;;;;;;;;;;;;;
Astérix;Astérix-Obélix;RVC2;220;;https://huggingface.co/PtitLulu/Asterix_RogerCarel/resolve/main/Asterix_RogerCarel_V1.zip;;;;;;;;;;;;;;;;;;;;;;;;;;;;;;;;;;;;;;;;;;;;;
Atreus;God of War;RVMPE;200;;https://huggingface.co/Homiebear/ATREUS/resolve/main/Atreus.zip?download=true;Atreus;RVC2;240;;https://huggingface.co/imcertibtw/AtreusGodofWar/resolve/main/Atreus.zip;;;;;;;;;;;;;;;;;;;;;;;;;;;;;;;;;;;;;;;;
Aurelion Sol;League of Legends;RVC2;500;;https://huggingface.co/AyyMann/AyyMannAI/resolve/main/AurelionSolTheStarForger.zip;Aurelion Sol;RVC2;500;;https://huggingface.co/RUXHIR2828/Aurelion/resolve/main/aurelion.zip;;;;;;;;;;;;;;;;;;;;;;;;;;;;;;;;;;;;;;;;
Austin Shukis (Shoo!);Singer;RVC2;600;;https://huggingface.co/Tsua098/AustinIdiology600/blob/main/AustinIdiologyRVC.zip;Austin Shukis;RVC2;280;;https://huggingface.co/Tsua098/Tsua280/blob/main/Tsua280.zip;;;;;;;;;;;;;;;;;;;;;;;;;;;;;;;;;;;;;;;;
Ava Max;Singer;RVC2;1000;;https://huggingface.co/Ryujin88/avadiamond/resolve/main/avadiamond.zip;Ava Max ;RVC2;350;;https://huggingface.co/Ryujin88/AVA_MAX_HEAVEN_AND_HELL/resolve/main/heavenxhellava.zip;;;;;;;;;;;;;;;;;;;;;;;;;;;;;;;;;;;;;;;;
Avril Lavigne;Singer;RVC2, RMVPE;500;;https://huggingface.co/helfort/AvrilLavigneFromGLEraRVCv2rmvpe500Epochs/resolve/main/avril-FromGLera.zip;Avril Lavigne ;RVC2, RMVPE;500;;https://huggingface.co/SUP3RMASS1VE/Avril-Lavigne/resolve/main/Avril%20Lavigne.zip?download=true;Avril Lavigne;RVC2, RMVPE;500;;https://huggingface.co/RVC123/RVC/resolve/main/avril_lavigne_rmvpe_e300.zip;;;;;;;;;;;;;;;;;;;;;;;;;;;;;;;;;;;
Aya Maruyama (BanG Dream!) (RVC V2) 400 Epoch;;RVC2;400;;https://huggingface.co/Icchan/Myura/resolve/main/AyaMaruyama.zip;Aya Maruyama;RVC2;400;;https://models.weights.gg/clobbmo5900kywsdm5aho8ex9.zip;Aya Maruyama;RVC2;500;;https://huggingface.co/Icchan/Myura/resolve/main/AyaMaruyama.zip?download=true;;;;;;;;;;;;;;;;;;;;;;;;;;;;;;;;;;;
Ayano Aishi;Yandere Simulator;RVC2;300;;https://huggingface.co/lilyrpa/lilyrpaModels/resolve/main/yandere.zip;Ayano Aishi ;RVC2;300;;https://models.weights.gg/clobs00gu0003wsm552fqrsaf.zip;Ayano Aishi ;RVC2;300;;https://huggingface.co/lilyrpa/lilyrpaModels/resolve/main/ayanosinging.zip;;;;;;;;;;;;;;;;;;;;;;;;;;;;;;;;;;;
Ayesha Erotica;Singer;RVC2;320;;https://huggingface.co/thezoenicole/Ayesha_BarelyLegal/resolve/main/Ayesha_BarelyLegal.zip;Ayesha Erotica;;;;https://app.kits.ai/convert/shared/ayeshaero-barely-legal-era;Ayesha Erotica;;;;https://huggingface.co/henry-y/AyeshaRVCV2/resolve/main/AyeshaV2_e1000_s80000.zip;Ayesha Erotica ;RVC2;500;;https://huggingface.co/thezoenicole/Ayesha_Erotica_Prada_Era/resolve/main/AyeshaEroticaPrada.zip;;;;;;;;;;;;;;;;;;;;;;;;;;;;;;
Azir;League of legend;RVC2;500;Russian;https://huggingface.co/dragoncrack/azir_RU_500epoh/resolve/main/Azir%20League%20of%20legends.zip;Azir ;RVC2;300;English;https://huggingface.co/dragoncrack/azir_RVC_v2_ENG/resolve/main/azir_v2_ENG.zip;;;;;;;;;;;;;;;;;;;;;;;;;;;;;;;;;;;;;;;;
Babs Seed ;My Little Pony;RVC2;300;;https://huggingface.co/MusicBox27/MyLittlePonyRVC/resolve/main/BabsSeed.zip;Babs Seed;RCV2;300;;epochhttps://drive.google.com/file/d/1t6hQcgt1uvVkNV8XV5zvK1sqLlF5IekS/vi;;;;;;;;;;;;;;;;;;;;;;;;;;;;;;;;;;;;;;;;
Baby Keem;Singer;RVC, RMVPE;350;;https://huggingface.co/pangwen/babykeem/resolve/main/babykeem_e350.zip?download=true;Baby Keem;RVC2;475;;https://huggingface.co/raptarantino/babykeem475e/resolve/main/babykeem.zip;;;;;;;;;;;;;;;;;;;;;;;;;;;;;;;;;;;;;;;;
Bad Bunny;Singer;RVC2, RMVPE;500;;https://huggingface.co/xZAFUEx/ZafueRVCModels/resolve/main/BadBunny.zip;;;;;;;;;;;;;;;;;;;;;;;;;;;;;;;;;;;;;;;;;;;;;
Baguette;Brawl Of The Objects;RVC2;100;English;https://huggingface.co/cheir/english_baguette/resolve/main/english_baguette.zip;Baguette;RVC2;100;French;https://huggingface.co/cheir/BAGUETTE/resolve/main/baguettev1.zip;;;;;;;;;;;;;;;;;;;;;;;;;;;;;;;;;;;;;;;;
Baki Hanma;Baki;RVC2;300;Japanese;https://huggingface.co/Aragobhaid/BakiHanmaRVC/blob/main/Baki_Hanma_Model.zip;Baki Hanma;RVC;300;;https://huggingface.co/ArthurADJ/BakiHanma/resolve/main/Baki2.pth;Baki Hanma;RVC2;200;;https://huggingface.co/ArthurADJ/BakiNarrator/resolve/main/BakiNarrator.pth;;;;;;;;;;;;;;;;;;;;;;;;;;;;;;;;;;;
Baku;;;250;;https://huggingface.co/wormmeat/BakuSethical/resolve/main/SethicalBaku.zip;Baku;RVC2;300;;https://huggingface.co/Coleereer/EGadd/resolve/main/BakuSeason5.zip;;;;;;;;;;;;;;;;;;;;;;;;;;;;;;;;;;;;;;;;
Balloon Boy;Five Nights at Freddy's;OV2 super;600;;https://huggingface.co/C0ttontheBunny/BBOv2/resolve/main/BalloonboyV3.zip?download=true;Balloon Boy;;600;;https://huggingface.co/Blocktoast64/Blocktoasts-RVC-Models/blob/main/Balloon%20Boy%20(FNaF).zip;Balloon Boy;RVC2;300;;https://discord.com/channels/1089076875999072296/1140839687196512266;Balloon Boy;RVC2;600;;https://huggingface.co/Dr-Ivo-Robotnik/Balloon_BoyV2/resolve/main/BB.zip;;;;;;;;;;;;;;;;;;;;;;;;;;;;;;
Bambi (Polish Rapper) ;Singer;RVC2;500;;https://huggingface.co/CrimsonZockt/RVC-Model/resolve/main/Bambi.zip;Bambi;RVC2;500;;https://huggingface.co/DavidDalson/Bambi/resolve/main/Bambi.zip;Bambi;RVC2;200;;https://huggingface.co/REDACTEDREDACT/Marcello_Bambi/resolve/main/MarcelloBambi.zip;;;;;;;;;;;;;;;;;;;;;;;;;;;;;;;;;;;
Banjo (Banjo Kazooie) ;;RVC2;250;;https://huggingface.co/Xhepyxopila/BanjoKazooie/resolve/main/Banjo.zip;Banjo ;;300;;https://huggingface.co/Blocktoast64/Blocktoasts-RVC-Models/blob/main/Banjo.zip;Banjo ;RVC2;200;;https://huggingface.co/Xhepyxopila/BanjoKazooieRVC/resolve/main/BanjoULT.zip;;;;;;;;;;;;;;;;;;;;;;;;;;;;;;;;;;;
Barack Obama;Politician;RVC2;500;;https://huggingface.co/Flyleaf/BarackObama2020/resolve/main/Obama.zip?download=true;Barack Obama ;RVC2;300;;https://huggingface.co/0x3e9/0x3e9_RVC_models/resolve/main/obama.zip;;;;;;;;;;;;;;;;;;;;;;;;;;;;;;;;;;;;;;;;
Baraka ;Mortal Kombat;RVC2;400;;https://huggingface.co/Resizable/Baraka/resolve/main/Baraka.zip;Baraka;RVC2;400;;https://huggingface.co/datasets/Resizable/Baraka/resolve/main/Baraka.zip;Baraka;RVC2;200;;https://huggingface.co/Hazza1/Baraka/resolve/main/baraka.zip;;;;;;;;;;;;;;;;;;;;;;;;;;;;;;;;;;;
Barbie (Margot Robbie) RVC V2 300 Epochs;Actor;RVC2;300;;https://huggingface.co/TJKAI/Barbie/resolve/main/Barbie.zip;Barbie Explorer;RVC2;;;;;;;;;;;;;;;;;;;;;;;;;;;;;;;;;;;;;;;;;;;
Bartholomew Kuma;One piece;RVC2;260;;https://huggingface.co/Skeetawn/OnePiece-BartholomewKuma/resolve/main/OnePiece-BartholomewKuma.zip;;;;;;;;;;;;;;;;;;;;;;;;;;;;;;;;;;;;;;;;;;;;;
Bartolomeo;One Piece;RVC2;260;;https://huggingface.co/Skeetawn/OnePiece-Bartolomeo/resolve/main/OnePiece-Bartolomeo.zip;;;;;;;;;;;;;;;;;;;;;;;;;;;;;;;;;;;;;;;;;;;;;
Basil Hawkins;One Piece;RVC2;205;;https://huggingface.co/Skeetawn/OnePiece-BasilHawkins/resolve/main/OnePiece-BasilHawkins.zip;;;;;;;;;;;;;;;;;;;;;;;;;;;;;;;;;;;;;;;;;;;;;
Bastion;Overwatch;RVC2, RMVPE;315;;https://huggingface.co/KawaiianPizza/RVC-Models/resolve/main/Bastion_e315.zip;Bastion ;RVC2;1000;;https://huggingface.co/officialgrayscale/rvc-models/resolve/main/overwatch2-bastion.zip;;;;;;;;;;;;;;;;;;;;;;;;;;;;;;;;;;;;;;;;
Bataan (Azur Lane) [JP] (RVC v2) (200 Epochs);;RVC2;200;Japanese;https://huggingface.co/NoIdea4Username/NoIdeaRVCCollection/resolve/main/Bataan-JP-Test.zip;Bataan;RVC2;270;Japanese;https://huggingface.co/NoIdea4Username/NoIdeaRVCCollection/resolve/main/Bataan-JP-V2.zip?download=true;;;;;;;;;;;;;;;;;;;;;;;;;;;;;;;;;;;;;;;;
Bea;Brawl Stars;RVC2;680;;https://huggingface.co/Pawlik17/beeautiful/resolve/main/BeeFree.zip;;;;;;;;;;;;;;;;;;;;;;;;;;;;;;;;;;;;;;;;;;;;;
Benjamin Burnley ;Singer;RVC2;1135;;https://huggingface.co/TheGreasyGamer/BenjaminBurnley/resolve/main/BenjaminBurnley.zip;Benjamin Burnley;RVC2;700;;https://huggingface.co/Zack157/BenjaminBurnley/resolve/main/BenjaminBurnley.zip;Benjamin Burnley;RVC2;1195;;https://huggingface.co/TheGreasyGamer/BenjaminBurnleyV2/resolve/main/BenjaminBurnleyV2.zip?download=true;;;;;;;;;;;;;;;;;;;;;;;;;;;;;;;;;;;
benjamin netanyahu ;Politician;RVC2;340;;https://huggingface.co/pipi00pipi/benjamin_netanyahu/resolve/main/bibi.zip;;;;;;;;;;;;;;;;;;;;;;;;;;;;;;;;;;;;;;;;;;;;;
Bernie Sanders ;Politician;RVC2, RMVPE;110;;https://huggingface.co/progward/RVC-models/resolve/main/90s_Bernie.zip;Bernie Sanders;RMVPE;90;;https://huggingface.co/progward/RVC-models/resolve/main/BernieSanders.zip;;;;;;;;;;;;;;;;;;;;;;;;;;;;;;;;;;;;;;;;
Beyoncé ;Singer;RVC2;390;;https://huggingface.co/udrivemecrazy/udrivemecrazyRVC/resolve/main/RVC2Beyonce390.zip;Beyoncé ;RVC2;500;;https://huggingface.co/BarbiDahl/BarbiDahlai/resolve/main/sashafierce500.zip;;;;;;;;;;;;;;;;;;;;;;;;;;;;;;;;;;;;;;;;
Bibi;Brawl Stars;;;;https://huggingface.co/fernandogg2009/Bibi/resolve/main/Bibi.zip?download=true;;;;;;;;;;;;;;;;;;;;;;;;;;;;;;;;;;;;;;;;;;;;;
Bico;FNF;RVC2;360;;https://huggingface.co/Dr-Ivo-Robotnik/Bico/resolve/main/Bico.zip;;;;;;;;;;;;;;;;;;;;;;;;;;;;;;;;;;;;;;;;;;;;;
Big Mom / Charlotte Linlin;One Piece;RVC2;250;;https://huggingface.co/RevolutionaryPie/BigMomRVC/resolve/main/BigMom.zip;;;;;;;;;;;;;;;;;;;;;;;;;;;;;;;;;;;;;;;;;;;;;
Big News Morgans ;One Piece;RVC2;300;;https://huggingface.co/Coleereer/EGadd/resolve/main/BigNewsMorgansDub.zip;Big News Morgans;RVC2;205;;https://huggingface.co/Skeetawn/OnePiece-Morgans/resolve/main/OnePiece-Morgans.zip;;;;;;;;;;;;;;;;;;;;;;;;;;;;;;;;;;;;;;;;
Big Pun;Singer;RVC2;475;;https://huggingface.co/DJManelo/DJ_ManeloRVC/resolve/main/BigPun.zip;;;;;;;;;;;;;;;;;;;;;;;;;;;;;;;;;;;;;;;;;;;;;
Big Shaq;Actor;RVC2;550;;https://huggingface.co/rayzox57/BigShaq_RVC/resolve/main/BigShaq_v2_Ov2_550e.zip;;;;;;;;;;;;;;;;;;;;;;;;;;;;;;;;;;;;;;;;;;;;;
Bill Gates (RVC v2) [300 Epochs/4.5k Steps];;RVC2;300;;https://huggingface.co/SyberGen/Main-VModels/resolve/main/BillGates.zip;Bill Gates and Steve Jobs;RVC2;250-200;;https://huggingface.co/PokeBrother/GatesJobsSN/resolve/main/BillGates.zip;;;;;;;;;;;;;;;;;;;;;;;;;;;;;;;;;;;;;;;;
Billlie Haruna ;Singer;RVC2;250;;https://huggingface.co/kaengpil/haruna/resolve/main/haruna.zip;;;;;;;;;;;;;;;;;;;;;;;;;;;;;;;;;;;;;;;;;;;;;
Birdo ;Mario Bros;RVC2;120;;https://huggingface.co/Xhepyxopila/BirdoRVC/resolve/main/GBABirdoV3.zip;Birdo;RVC2;205;;https://huggingface.co/Xhepyxopila/MarioRVCModels/resolve/main/BirdoGBAv2.zipp;Birdo;RVC2, RMVPE, OV2;1000;;https://huggingface.co/Xhepyxopila/MiscCartoonModelsRVC/resolve/main/gba_birdo.zip?download=true;;;;;;;;;;;;;;;;;;;;;;;;;;;;;;;;;;;
Björk Fossora;Singer;RVC2;300;;https://huggingface.co/juaow/modelosia/resolve/main/bjork.zip;;;;;;;;;;;;;;;;;;;;;;;;;;;;;;;;;;;;;;;;;;;;;
Black Maria;One Piece;RVC2;300;;https://huggingface.co/Skeetawn/OnePiece-BlackMaria/resolve/main/OnePiece-BlackMaria.zip;;;;;;;;;;;;;;;;;;;;;;;;;;;;;;;;;;;;;;;;;;;;;
Black Panther ;Marvel;RVC2;300;;https://huggingface.co/TJKAI/BlackPannther/resolve/main/BlackPanther.zip;;;;;;;;;;;;;;;;;;;;;;;;;;;;;;;;;;;;;;;;;;;;;
Black Yoshi (SML);Mario Bros;;;;https://models.weights.gg/58692eb4-f50b-4db2-b1b6-5a154bd7caed.zip;Black Yoshi;RVC2;650;;https://huggingface.co/koolaidinpepsi/aivoices/resolve/main/blackyoshi.zip;Black Yoshi;RVC2;300;;https://huggingface.co/Rigosaenz/Blackyoshisml/resolve/main/Black%20Yoshi%20(SML).zip;;;;;;;;;;;;;;;;;;;;;;;;;;;;;;;;;;;
Blackbeard / Marshall D. Teach;One Piece;RVC2;250;;https://huggingface.co/RevolutionaryPie/BlackbeardRVC/resolve/main/Blackbeard.zip;;;;;;;;;;;;;;;;;;;;;;;;;;;;;;;;;;;;;;;;;;;;;
Blake Belladonna (RWBY);;RVC2;200;;https://huggingface.co/tenyaiida/RWBY_Datasets/resolve/main/Blake.zip;Blake Belladonna;RVC2;250;;https://huggingface.co/TheExplodingJerk/TheExplodingJerkModels/resolve/main/BlakeBelladonnaV2RVC.zip;;;;;;;;;;;;;;;;;;;;;;;;;;;;;;;;;;;;;;;;
Blaze the Cat ;Sonic;RVC2;300;;https://drive.google.com/file/d/1UnXgNeywu3HCPLiyJiyGQZTQESZNdjvR/view?usp=sharing;Blaze the Cat;RVC2;300;;https://huggingface.co/Zeal-anton-ski/Sage/resolve/main/Blaze.zip?download=true;Blaze the Cat;RVC2, RMVPE;200;;https://huggingface.co/mrjamiejames/Blaze_the_Cat_JP_RVCv2RMVPE/resolve/main/BlazeJP_RMVPE.zip;Blaze the Cat;RVC2;250;;https://drive.google.com/file/d/1ofWUFsGc8cEHJ343-Xr-wyObeYIehT5E/view?usp=drive_link;;;;;;;;;;;;;;;;;;;;;;;;;;;;;;
Blitzcrank;League of Legends;RVC2;300;;https://huggingface.co/AyyMann/AyyMannAI/resolve/main/BlitzcrankTheGreatSteamGolem_300e.zip?download=true;;;;;;;;;;;;;;;;;;;;;;;;;;;;;;;;;;;;;;;;;;;;;
Bluey Heeler ;Bluey;RVC2;100;;https://huggingface.co/Gabherelol/BlueyGDP/tree/main;Bluey Heeler;RVC2;120;;https://huggingface.co/Gabherelol/BlueyHeelerS1/tree/main;Bluey Heeler;RVC2;4000;;https://huggingface.co/Gabherelol/BlueyHeelerSOVITS/tree/main;;;;;;;;;;;;;;;;;;;;;;;;;;;;;;;;;;;
Boa Hancock ;One Piece;RVC2;290;;https://huggingface.co/Skeetawn/Boa-Hancock/resolve/main/boa-hancock.zip;Boa Hancock ;RVC2;300;Japanese;https://huggingface.co/Gagetplay/NamiRVC/resolve/main/Boa.zip;;;;;;;;;;;;;;;;;;;;;;;;;;;;;;;;;;;;;;;;
Bob ;FNF;OV2 super;300;;https://huggingface.co/C0ttontheBunny/BobOv2/resolve/main/BobV3Ov2.zip?download=true;Bob ;;;;https://app.kits.ai/convert/shared/bob-literally-every-fnf-mod-ever;;;;;;;;;;;;;;;;;;;;;;;;;;;;;;;;;;;;;;;;
Bob Marley;Singer;RVC2;450;;https://huggingface.co/MusicBox27/BobMarleyAndTheWailersRVC/resolve/main/BobMarley.zip;Bob Marley;RVC2, OV2 super;500;;https://huggingface.co/agusroccohd/agusrvc/resolve/main/bobmarley.zip;Bob Marley ;RVC2, RMVPE;500;;https://huggingface.co/yraziel/bobmarley_v2/resolve/main/marley_v2.zip;;;;;;;;;;;;;;;;;;;;;;;;;;;;;;;;;;;
BoJack Horseman ;;RVC2;450;;https://huggingface.co/kiwiee/BojackHorseman/blob/main/bojack.zip;Bojack Horseman;RVC2;300;;https://huggingface.co/TheStinger/Bojack/resolve/main/bojack.zip;Bojack Horseman;RVC2;250;Italian;https://huggingface.co/TheStinger/Bojack_Horseman_ITA/resolve/main/Bojack%20Horseman%20ITA.zip;;;;;;;;;;;;;;;;;;;;;;;;;;;;;;;;;;;
Bon Jovi ;Singer;RVC, RMVPE;800;;https://huggingface.co/agusroccohd/bonjovi/resolve/main/bonjovi.zip;Bon Jovi;RVC2;200;;https://huggingface.co/SUP3RMASS1VE/BonJovi/resolve/main/BonJovi.zip;;;;;;;;;;;;;;;;;;;;;;;;;;;;;;;;;;;;;;;;
Borat ;;RVC2;215;;https://huggingface.co/AstralBlade/Model/blob/main/Borat.zip;Borat ;RVC2;300;;https://drive.google.com/file/d/1ZTBRd91BSqernItiGiodl16ExbBvJHQb/view?usp=drive_link;Borat;RVC2;530;;https://huggingface.co/Hazza1/Borat/resolve/main/borat.zip;;;;;;;;;;;;;;;;;;;;;;;;;;;;;;;;;;;
Boris Anderson ;;RVC2;260;;https://huggingface.co/beano789/Boris_Anderson_GoAnimate/resolve/main/BorisAnderson.zip;Boris Anderson;RVC2;300;;https://huggingface.co/REDACTEDREDACT/BorisAnderson/resolve/main/boris.zip;;;;;;;;;;;;;;;;;;;;;;;;;;;;;;;;;;;;;;;;
Boruto Uzumaki ;Naruto;RVC2, RVMPE;300;;https://huggingface.co/ValtLegend/Boruto/resolve/main/Boruto.zip;;;;;;;;;;;;;;;;;;;;;;;;;;;;;;;;;;;;;;;;;;;;;
Brad Pitt;Actor;RVMPE;300;;https://huggingface.co/casuallycrayzed/BradPitt/blob/main/BradPitt.zip;;;;;;;;;;;;;;;;;;;;;;;;;;;;;;;;;;;;;;;;;;;;;
Brian Griffin;;RVC2;210;;https://youtube.com/watch?v=fQM0tSmPhBc;Brian Griffin ;RVC2, OV2;100;Italian;https://huggingface.co/FanFierik/Brian/resolve/main/Brian.zip?download=true;Brian Griffin ;RVC2;220;;https://huggingface.co/Biotin/BrianGriffin/resolve/main/BrianGriffin.zip;;;;;;;;;;;;;;;;;;;;;;;;;;;;;;;;;;;
Briar ;League of legends;RVMPE;200;;https://huggingface.co/Sztef/Teemo_Omega_Squad1/resolve/main/BriarBySztef.zip;Briar;RVC2;500;;https://huggingface.co/BoundlessFate/MyModels/resolve/main/BriarAI.zip;;;;;;;;;;;;;;;;;;;;;;;;;;;;;;;;;;;;;;;;
Broly ;Dragon Ball;RVCV2, OV2;300;Italian;https://huggingface.co/Loren85/Broly.DBZ-ITA-Bombardieri/resolve/main/Broly%20DBZ%20ITA%20Bombardieri.zip?download=true;Broly ;RVC2;300;;https://huggingface.co/SyberGen/DragonBallVModels/resolve/main/Broly.zip;Broly;RVC2;750;;https://huggingface.co/SyberGen/DragonBallVModels/resolve/main/BrolyDBSCalm.zip;;;;;;;;;;;;;;;;;;;;;;;;;;;;;;;;;;;
Brook ;One Piece;RVC2;300;Japanese;https://huggingface.co/Abobs/bakugou/resolve/main/brook.zip;Brook;RVC2;250;;https://huggingface.co/RevolutionaryPie/BrookRVC/resolve/main/Brook.zip;Brook ;RVC2;500;Latino;https://huggingface.co/Xavier2213/Brook/resolve/main/Brook.zip;;;;;;;;;;;;;;;;;;;;;;;;;;;;;;;;;;;
Bruce Wayne (Harley Quinn Show) ;;RVC2;146;;https://huggingface.co/Prestiggy/BruceWayne-HQShow/resolve/main/BruceWayne.zip;;;;;;;;;;;;;;;;;;;;;;;;;;;;;;;;;;;;;;;;;;;;;
Bryant Myers;Singer;RVC2;350;;https://huggingface.co/Dragonite/BryantMyers/resolve/main/BryantMyers(ByDragonite).zip;;;;;;;;;;;;;;;;;;;;;;;;;;;;;;;;;;;;;;;;;;;;;
Bubsy the Bobcat (Bubsy: The Woolies Strikes Back);;RVC2;200;;https://huggingface.co/PokeBrother/BubsyBobcatTWSB/resolve/main/Bubsy-Bobcat.zip;;;;;;;;;;;;;;;;;;;;;;;;;;;;;;;;;;;;;;;;;;;;;
Buddy (Kick The Buddy - Ray Chase) ;;RVC2;750;;https://huggingface.co/StickGuyWasTaken/KickTheBuddy/resolve/main/KickTheBuddy.zip;Buddy;RMVPE;300;;https://huggingface.co/GDJay/JayModels/resolve/main/BuddyKTB.zip;Buddy;RVC2;100;;https://huggingface.co/lazed-outt-for-real24/KickTheBuddy/resolve/main/KickTheBuddy.zip;;;;;;;;;;;;;;;;;;;;;;;;;;;;;;;;;;;
Buggy ;One Piece;RVC2;250;;https://huggingface.co/Coleereer/EGadd/resolve/main/4kidsBuggy.zip;Buggy;RVC2;250;;https://huggingface.co/RevolutionaryPie/BuggyRVC/resolve/main/Buggy.zip;Buggy ;RVC2;376;English;https://huggingface.co/cheezebone/SpongyCakeRVC/resolve/main/Buggy(ENG-Funi)_376e.zip;;;;;;;;;;;;;;;;;;;;;;;;;;;;;;;;;;;
Burger King Guy (Burger King Ads) (300 epochs);;;300;;https://huggingface.co/Homiebear/BurberKingGuy/resolve/main/BurgerKingGuy.zip?download=true;;;;;;;;;;;;;;;;;;;;;;;;;;;;;;;;;;;;;;;;;;;;;
C-3PO;Star Wars;RVC2;400;;https://huggingface.co/ZengerFake/C3PO/resolve/main/C3PO_RVC.rar;C-3PO ;RMVPE2;580;;https://huggingface.co/DJManelo/DJ_ManeloRVC/resolve/main/C-3PO.zip;;;;;;;;;;;;;;;;;;;;;;;;;;;;;;;;;;;;;;;;
Cactus ;Plants Vs Zombies;;;;https://huggingface.co/C0ttontheBunny/GardenWarfareModels/resolve/main/Cactuspvz.zip;;;;;;;;;;;;;;;;;;;;;;;;;;;;;;;;;;;;;;;;;;;;;
Caesar Clown;One Piece;RVC2;205;;https://huggingface.co/Skeetawn/OnePiece-CaesarClown/resolve/main/OnePiece-CaesarClown.zip;;;;;;;;;;;;;;;;;;;;;;;;;;;;;;;;;;;;;;;;;;;;;
Caitlyn;League Of Legends;RVC2;500;English;https://huggingface.co/leomc1323/CaitlynENG/resolve/main/CaitlynEng.zip;Caitlyn;RVC2;500;Spanish;https://huggingface.co/leomc1323/CaitlynESP/resolve/main/CaitlynESP.zip;Caitlyn;RVC2;350;;https://huggingface.co/leomc1323/Caitlyn-Arcane/blob/main/CaitArcane.zip;;;;;;;;;;;;;;;;;;;;;;;;;;;;;;;;;;;
Calamardo [Latino];Bob Esponja;RVC2;300;Spanish;https://huggingface.co/Kelpek/CalamardoLatino/resolve/main/CalamardoLatino.zip;;;;;;;;;;;;;;;;;;;;;;;;;;;;;;;;;;;;;;;;;;;;;
Camila Cabello;Singer;RVC2;600;;https://mega.nz/file/7w1UhATb#NYTXsHEGsp4YO_rWtDpqRWvOxh1U4dqMC6y6wL7d_So;Camila Cabello;RVC2;350;;https://huggingface.co/leeloli/Camila-Cabello/blob/main/CamilaCabello.zip;Camila Cabello;RVC2;700;;https://huggingface.co/leeloli/camila-by-leelo/resolve/main/camila.zip;Camila Cabello;RVC2;500;;https://huggingface.co/AIVER-SE/CamilaCabelloV2/resolve/main/CamilaCabellov2.zip;;;;;;;;;;;;;;;;;;;;;;;;;;;;;;
Canserbero ;Singer;RVC2;480;;https://huggingface.co/Frixi/Canserbero_RVC_V2_480Epochs/blob/main/Canserbero_V2.zip;Canserbero ;RVC2, RVMPE;300;;https://huggingface.co/Bruh110/CanserberoTalking/resolve/main/CanserberoTalking.zip?download=true;;;;;;;;;;;;;;;;;;;;;;;;;;;;;;;;;;;;;;;;
Cap'n Cuttlefish;Splatoon;RVC2;200;;https://huggingface.co/WoomyPearl/RVC-Model-Palace/resolve/main/CapnCuttlefish.zip;;;;;;;;;;;;;;;;;;;;;;;;;;;;;;;;;;;;;;;;;;;;;
Capone Bege;One Piece;RVC2;205;;https://huggingface.co/Skeetawn/OnePiece-CaponeBege/resolve/main/OnePiece-CaponeBege.zip;;;;;;;;;;;;;;;;;;;;;;;;;;;;;;;;;;;;;;;;;;;;;
Capricorn Stu;Brawl Stars;RVC2, RMVPE, Ov2;450;Chinese;https://huggingface.co/FurnTheFurnace/RVCModels/resolve/main/CapricornStu.zip;;;;;;;;;;;;;;;;;;;;;;;;;;;;;;;;;;;;;;;;;;;;;
Captain Barnacles;Octonauts;;300;;https://huggingface.co/Blocktoast64/Blocktoasts-RVC-Models/blob/main/Captain%20Barnacles.zip;Captain Barnacles;;300;;;;;;;;;;;;;;;;;;;;;;;;;;;;;;;;;;;;;;;;;;
Captain Churchill;Bloons TD;;300;;https://huggingface.co/Blocktoast64/Blocktoasts-RVC-Models/blob/main/Captain%20Churchill.zip;Captain Churchill;RVC2;250;;https://huggingface.co/Camthekirby/My-Funky-Models/resolve/main/Captain-Churchills.zip;;;;;;;;;;;;;;;;;;;;;;;;;;;;;;;;;;;;;;;;
Captain Crocodile;Robin Hood;RVC2;300;;https://huggingface.co/frankmurray/candycandido/resolve/main/candycandi.zip?download=true;;;;;;;;;;;;;;;;;;;;;;;;;;;;;;;;;;;;;;;;;;;;;
Captain Deadbeard (Plants Vs. Zombies Garden Warfare 2) 150 Epochs;;;150;;https://huggingface.co/C0ttontheBunny/GardenWarfareModels/resolve/main/Captain%20Deadbeard.zip;;;;;;;;;;;;;;;;;;;;;;;;;;;;;;;;;;;;;;;;;;;;;
Captain Falcon;F-Zero;RVC2;200;;https://huggingface.co/WoomyPearl/RVC-Model-Palace/resolve/main/CaptainFalconSSB.zip;Captain Falcon;RVC2;500;;https://huggingface.co/Player1444/AI.models/resolve/main/%D0%A1aptain%20Falcon.zip;Captain Falcon;RVC2;420;;https://huggingface.co/thedoodooman/myverycoolaimodels/resolve/main/CaptainFalconSSBU.zip?download=true;;;;;;;;;;;;;;;;;;;;;;;;;;;;;;;;;;;
Captain Jack Sparrow;Kingdom Hearts;RVMPE;250;;https://huggingface.co/Homiebear/CaptainJackSparrow/resolve/main/JackSparrow.zip?download=true;;;;;;;;;;;;;;;;;;;;;;;;;;;;;;;;;;;;;;;;;;;;;
Captain K'nuckles;The Marvellous Misadventures of Flapjack;;;;https://huggingface.co/GuilStuffs/CaptainKnuckles/blob/main/CaptainKnuckles.zip;;;;;;;;;;;;;;;;;;;;;;;;;;;;;;;;;;;;;;;;;;;;;
Captain Olimar;Pikmin 3;RVC2;750;;https://huggingface.co/StickGuyWasTaken/Olimar/resolve/main/Olimar.zip;;;;;;;;;;;;;;;;;;;;;;;;;;;;;;;;;;;;;;;;;;;;;
Captain Salazar;Pirates Of the Caribbean;RVC2;250;;https://huggingface.co/frankmurray/CaptainSalarzar/resolve/main/captainsalarzar1.zip?download=true;;;;;;;;;;;;;;;;;;;;;;;;;;;;;;;;;;;;;;;;;;;;;
Carl;Brawl Stars;RVC2, RMVPE;150;;https://huggingface.co/Nick088/Carl_Brawl_Stars/resolve/main/Carl_Brawl_Stars.zip?download=true;;;;;;;;;;;;;;;;;;;;;;;;;;;;;;;;;;;;;;;;;;;;;
Carl Carlson;The Simpsons;RVC2;700;;https://huggingface.co/Hazza1/Carl/resolve/main/carl.zip;;;;;;;;;;;;;;;;;;;;;;;;;;;;;;;;;;;;;;;;;;;;;
Carl Casagrande;The Loud House;RVC2;250;;https://huggingface.co/iamalexcaspian/CarlCasagrande/resolve/main/CarlCasagrandeTLH-CG.zip?download=true;;;;;;;;;;;;;;;;;;;;;;;;;;;;;;;;;;;;;;;;;;;;;
Carl Johnson (CJ);GTA;OV2;750;;https://huggingface.co/Rejekts/CarlJohnson-RVC/resolve/main/CarlJohnson.zip;Carl Johnson (CJ);RVC2;400;;https://huggingface.co/AlluXD/Carl-Johnson/resolve/main/Carl-Johnson.zip;Carl Johnson (CJ) ;RVC2, RMVPE;200;;;;;;;;;;;;;;;;;;;;;;;;;;;;;;;;;;;;;
Carl Sagan;;RCV;300;;https://huggingface.co/Mf1ve/Berlina/resolve/main/Sagan.zip;Carl Sagan ;RVC2;140;;https://huggingface.co/RoyalAce/carl_sagan_rvc_v2_48k_140_epoch;;;;;;;;;;;;;;;;;;;;;;;;;;;;;;;;;;;;;;;;
Carlos Rivera;Singer;RVC2;275;;https://huggingface.co/SynthetizedTritone/StRvcModels/resolve/main/carlosrivers_v2_e275.zip;;;;;;;;;;;;;;;;;;;;;;;;;;;;;;;;;;;;;;;;;;;;;
Carlton Banks (Alfonso Ribeiro);Actor;RVC2;200;;https://huggingface.co/RaggedySLG3/Carlton_Banks/resolve/main/Carlton_Banks.zip;;;;;;;;;;;;;;;;;;;;;;;;;;;;;;;;;;;;;;;;;;;;;
Carol;FNF;RVC2, OV2;675;;https://huggingface.co/mrcreeper5/CarolFNF/resolve/main/Carolfnf.zip?download=true;;;;;;;;;;;;;;;;;;;;;;;;;;;;;;;;;;;;;;;;;;;;;
Carrot (One Piece) (RVC V2) 250 Epochs;One Piece;RVC2;250;;https://huggingface.co/RevolutionaryPie/CarrotRVC/resolve/main/Carrot.zip;;;;;;;;;;;;;;;;;;;;;;;;;;;;;;;;;;;;;;;;;;;;;
CaseOh (Twitch Streamer);;RVC2;390;;https://huggingface.co/Resizable/CaseOh_/resolve/main/CaseOh_.zip;CaseOh;RVC2;250;;https://huggingface.co/Resizable/CaseOhV2/resolve/main/CaseOhRemastered.zip;CaseOh;RVC2;400;;https://huggingface.co/vinnystop/caseohv2/resolve/main/case2.zip?download=true;CaseOh;RVC2;300;;https://huggingface.co/vinnystop/caeoh/resolve/main/caseoh.zip?download=true;;;;;;;;;;;;;;;;;;;;;;;;;;;;;;
Casper McFadden;Casper;RVC2, RVMPE;350;;https://huggingface.co/Ms-Rose18/CasperMcFadden1995/resolve/main/CasperMcFadden.zip?download=true;;;;;;;;;;;;;;;;;;;;;;;;;;;;;;;;;;;;;;;;;;;;;
Catnap;Poppy Playtime;OV2;300;;https://huggingface.co/C0ttontheBunny/Catnap/resolve/main/CatnapV2Ov2.zip?download=true;CatNap;RVC2;300;;https://huggingface.co/jkhgf/SLWooly/resolve/main/RECDCatnap.zip;CatNap ;RVMPE;600;;https://huggingface.co/Homiebear/Catnap/resolve/main/POPPYPLAYTIME%20CatNap.zip?download=true;;;;;;;;;;;;;;;;;;;;;;;;;;;;;;;;;;;
Cell;Dave's House;RVC2;300;;https://app.kits.ai/convert/shared/cell-daves-house;;;;;;;;;;;;;;;;;;;;;;;;;;;;;;;;;;;;;;;;;;;;;
Cell;Dragon Ball;RVC2;300;Italian;https://huggingface.co/Loren85/Cell-DBZ-Ita/resolve/main/Cell%20DBZ%20ITA%20300.zip?download=true;;;;;;;;;;;;;;;;;;;;;;;;;;;;;;;;;;;;;;;;;;;;;
Cesar Torres;FNF;RVC2;150;;https://huggingface.co/REDACTEDREDACT/CesarFNF/resolve/main/CesarFNF.zip;;;;;;;;;;;;;;;;;;;;;;;;;;;;;;;;;;;;;;;;;;;;;
Chad Dickson [Numbuh 274];KND;RVC;250;;https://huggingface.co/MusicBox27/KidsNextDoorRVC/resolve/main/ChadDickson.zip;;;;;;;;;;;;;;;;;;;;;;;;;;;;;;;;;;;;;;;;;;;;;
CHAERYEONG;Singer;RVC2;450;;https://huggingface.co/leeloli/chaeryeong/blob/main/chaeryeong.zip;CHAERYEONG;RVC2;400;;https://huggingface.co/leeloli/chaeyoung/blob/main/chaeyoung.zip;CHAERYEONG;RVC2;800;;https://huggingface.co/leeloli/chaeyoung-by-leelo/resolve/main/chaeyoung.zip;;;;;;;;;;;;;;;;;;;;;;;;;;;;;;;;;;;
Chamber - VALORANT (EN) (RVC v2) 500 Epochs;Valorant;RVC2;500;English;https://huggingface.co/lafual/Chamber_V2/resolve/main/Chamber.zip;Chamber ;RVC2;250;Russian;https://huggingface.co/XaZorck/Chamber/resolve/main/Chamber.zip;Chamber ;RVC2;500;Spanish;https://huggingface.co/Xavier2213/Chamber/resolve/main/Chambersito.zip;;;;;;;;;;;;;;;;;;;;;;;;;;;;;;;;;;;
Charles Aznavour;Singer;RVC2;250;;https://huggingface.co/Lumaah/CharlesAznavour/resolve/main/CharlesAznavour.zip;Charles Aznavour;RVC2;250;;https://huggingface.co/Lumaah/CharlesAznavour/blob/main/CharlesAznavourV2.zip;Charles Aznavour;RVC;800;;https://huggingface.co/agusroccohd/charlesazvanour/resolve/main/charlesaznavour3.zip;;;;;;;;;;;;;;;;;;;;;;;;;;;;;;;;;;;
Charles de Gaulle - RVC V2 - 250 Epochs;Politician;RVC2;500;;https://huggingface.co/rayzox57/Charles_de_Gaulle_RVC/resolve/main/CharlesDeGaulle_v2_250e.zip;;;;;;;;;;;;;;;;;;;;;;;;;;;;;;;;;;;;;;;;;;;;;
Charles Leclerc;;;;;https://models.weights.gg/cl16.zip;;;;;;;;;;;;;;;;;;;;;;;;;;;;;;;;;;;;;;;;;;;;;
Charlie Brown;Peanuts;RVC2;500;;https://huggingface.co/joeldabest638/CharlieBrown/resolve/main/charliebrown.zip;Charlie Brown Murders ;RVC2, RMVPE;120;;https://huggingface.co/GuilStuf/CharlieBrownMurders/resolve/main/charliebrownmurders.zip;;;;;;;;;;;;;;;;;;;;;;;;;;;;;;;;;;;;;;;;
Charlie Chaplin;Actor;RVC2;280;;https://huggingface.co/Albinator/Charlie-Chaplin/resolve/main/Charlie%20Chaplin.zip?download=true;;;;;;;;;;;;;;;;;;;;;;;;;;;;;;;;;;;;;;;;;;;;;
Charlie Moringstar;Hazbin Hotel;RVC2, RMVPE, OV2;200;Português;https://huggingface.co/BunnyToon/charliemorningstar-br/resolve/main/charliemorningstar-br.zip?download=true;Charlie Moringstar;RVC2;100;;https://huggingface.co/Loren85/Charlie-MorningStar-New-Voice/resolve/main/Charlie-New-Voice-.zip;Charlie Moringstar;RVC2, OV2;150;;https://huggingface.co/ScruffyRVC/RFCRVCV2/resolve/main/CharlieMorningstar.zip?download=true;Charlie Moringstar;RVC2, OV2;250;;;;;;;;;;;;;;;;;;;;;;;;;;;;;;;;
Charlie Puth - Attention (Drums) (RIN_E3 Pretrain, RMVPE, 300 Epochs);Singer;RMVPE;300;;https://huggingface.co/RegalHyperus/rvc-v2-drum-models/resolve/main/AttentionDrums.zip?download=true;Charlie Puth ;RMVPE;250;;https://huggingface.co/Sztef/Teemo_Omega_Squad1/resolve/main/CharliePuthBySztef.zip;;;;;;;;;;;;;;;;;;;;;;;;;;;;;;;;;;;;;;;;
Charlie Sheen;Actor;RVC2, RMVPE;250;;https://huggingface.co/EgorHuf/RVCCharlieSheen/resolve/main/CharlieSheen.zip;;;;;;;;;;;;;;;;;;;;;;;;;;;;;;;;;;;;;;;;;;;;;
Charlie Simpson;Singer;RVC2;200;;https://huggingface.co/SUP3RMASS1VE/CharlieSimpson/resolve/main/CharlieSimpson.zip;;;;;;;;;;;;;;;;;;;;;;;;;;;;;;;;;;;;;;;;;;;;;
Charlotte;Making Fiends;RVC2;250;;https://huggingface.co/spongebobbletea/sponge/blob/main/Charlotte.zip;Charlotte;RVC2;200;;https://app.kits.ai/convert/shared/charlotte-making-fiends-web-series;;;;;;;;;;;;;;;;;;;;;;;;;;;;;;;;;;;;;;;;
Charlotte;The Princess and the Frog;RVC2;350;;https://huggingface.co/jackisyi/charlot/resolve/main/added_IVF202_Flat_nprobe_1_charlotte_v2.zip;;;;;;;;;;;;;;;;;;;;;;;;;;;;;;;;;;;;;;;;;;;;;
Charlotte Cracker;One Piece;RVC2;250;;https://huggingface.co/RevolutionaryPie/CrackerRVC/resolve/main/Cracker.zip;;;;;;;;;;;;;;;;;;;;;;;;;;;;;;;;;;;;;;;;;;;;;
Charlotte Katakuri (One Piece) (RVC V2) 250 Epochs;One Piece;RVC2;250;;https://huggingface.co/RevolutionaryPie/KatakuriRVC/resolve/main/Katakuri.zip;;;;;;;;;;;;;;;;;;;;;;;;;;;;;;;;;;;;;;;;;;;;;
Chester;Brawl Stars;;;;https://drive.google.com/file/d/1Rkqe41i7XWkntXxH8IUO90qg9Qy5pDdL/view?usp=drive_link;;;;;;;;;;;;;;;;;;;;;;;;;;;;;;;;;;;;;;;;;;;;;
Chris Walker;Outlast;RVC2;500;Russian;https://huggingface.co/FodyWalker/Models/resolve/main/ChrisWalkerRus.zip;Chris Walker;RVC2;281;;https://huggingface.co/AIMan2001/ChrisWalker/resolve/main/Chris%20Walker.zip;;;;;;;;;;;;;;;;;;;;;;;;;;;;;;;;;;;;;;;;
Chuck;Brawl Stars;RVC2, RMVPE;150;;https://huggingface.co/Nick088/Chuck_Brawl_Stars/resolve/main/Chuck_Brawl_Stars.zip?download=true;;;;;;;;;;;;;;;;;;;;;;;;;;;;;;;;;;;;;;;;;;;;;
Chuck;Angry Birds;RVC2, RMVPE;200;;https://huggingface.co/ParaguanaCPPS/Chuck-Toons-RVC/resolve/main/Chuck-Toons-RVC.zip?download=true;Chuck;;;;https://huggingface.co/Blocktoast64/Blocktoasts-RVC-Models/blob/main/chuck-abotr.zip;;;;;;;;;;;;;;;;;;;;;;;;;;;;;;;;;;;;;;;;
Chuck Tamzarian;The Simpsons;;500;;https://huggingface.co/minermanb/chuckRVC2/blob/main/chuck.zip;Chuck Tamzarian;RVC2, RMVPE;100;;https://huggingface.co/WoomyPearl/RVC-Model-Palace/resolve/main/ChuckTamzarian.zip;;;;;;;;;;;;;;;;;;;;;;;;;;;;;;;;;;;;;;;;
Cinderela;Disney;;;Portuguese (BR);https://models.weights.gg/2815bded-4a4d-4409-9783-3e9269809460.zip;Cinderella (1950);RVC2;350;;https://drive.google.com/file/d/17jW5t8ZKk96M3s1_DEvejC2mngD8jeZi/view?usp=drive_link;;;;;;;;;;;;;;;;;;;;;;;;;;;;;;;;;;;;;;;;
Cindy;Singer;RVC;300;Japanese;https://huggingface.co/datasets/Roscall/CindyRVC/resolve/main/Cindy%20RVC.zip;Cindy;RVC2;300;;https://huggingface.co/datasets/Roscall/CindyRVC/resolve/main/Cindy%20V2.zip?download=true;;;;;;;;;;;;;;;;;;;;;;;;;;;;;;;;;;;;;;;;
CJ;GTA;RVC2;250;;https://huggingface.co/Kakao111/CjRVCv2/resolve/main/CJ.zip;;;;;;;;;;;;;;;;;;;;;;;;;;;;;;;;;;;;;;;;;;;;;
Claire Redfield;Resident Evil;RVC2;400;;https://huggingface.co/Beretiful/RE2ClaireRedfield/resolve/main/Claire%20Redfield%20(400%20Epochs).zip?download=true;Claire Redfield;RVC2;300;;https://huggingface.co/Sekuro/my_models/resolve/main/claireRE2RE.zip;;;;;;;;;;;;;;;;;;;;;;;;;;;;;;;;;;;;;;;;
Clank;Ratchet & Clank;RVC2;300;Italian;https://huggingface.co/TheStinger/clank/resolve/main/clank.zip;Clank;RVC2;350;;https://huggingface.co/InductiveGrub/Clank/resolve/main/Clank.zip;;;;;;;;;;;;;;;;;;;;;;;;;;;;;;;;;;;;;;;;
Clementine;The Walking Dead;;;;https://app.kits.ai/convert/shared/clementine-telltales-the-walking-dead-season-2;Clementine;;;;https://app.kits.ai/convert/shared/clementine-tell-tales-the-walking-dead;;;;;;;;;;;;;;;;;;;;;;;;;;;;;;;;;;;;;;;;
Coach John McGuirk;Home Movies;;300;;https://app.kits.ai/convert/shared/coach-john-mcguirk;Coach John McGuirk;RVC2, RMVPE;250;;https://huggingface.co/Moon302018/Coach/resolve/main/Coach2.zip?download=true;;;;;;;;;;;;;;;;;;;;;;;;;;;;;;;;;;;;;;;;
Colette;Brawl Stars;RVC2;500;;https://huggingface.co/Pawlik17/Colettebs/resolve/main/Colette.zip;;;;;;;;;;;;;;;;;;;;;;;;;;;;;;;;;;;;;;;;;;;;;
Colt;Brawl Stars;RVC2;500;;https://huggingface.co/Player1444/AI.models/resolve/main/Colt.zip;;;;;;;;;;;;;;;;;;;;;;;;;;;;;;;;;;;;;;;;;;;;;
Conor McGregor;Sport;RVC2;300;;https://huggingface.co/absidi/johnk/resolve/main/mcgregor.zip;;;;;;;;;;;;;;;;;;;;;;;;;;;;;;;;;;;;;;;;;;;;;
Cordelius;Brawl Stars;RVC2;300;;https://huggingface.co/fernandogg2009/Cordelius/resolve/main/Cordelius.zip?download=true;;;;;;;;;;;;;;;;;;;;;;;;;;;;;;;;;;;;;;;;;;;;;
Cortana;AI;RVC;150;;https://drive.google.com/file/d/1-9vJj24w3dlLhMSOtXismX-D3pmkCEHB/view?usp=share_link;Cortana;RVC2, RMVPE;500;;https://huggingface.co/datasets/mango19918/aimodels/resolve/main/cortana-windows-10.zip?download=true;;;;;;;;;;;;;;;;;;;;;;;;;;;;;;;;;;;;;;;;
Cosmo The Seedrian;Sonic;RVC2;300;;https://huggingface.co/Zeal-anton-ski/Sage/resolve/main/Cosmo.zip;Cosmo The Seedrian;RVC2;300;;https://models.weights.gg/clodmsd1h027kwsqna7mlx50u.zip;;;;;;;;;;;;;;;;;;;;;;;;;;;;;;;;;;;;;;;;
Courage the Cowardly Dog;Courage the Cowardly Dog;RVC2;525;;https://huggingface.co/koolaidinpepsi/aivoices/resolve/ac33601cd1b7028f607a1e03363f8ecb6b12393e/couragethecowardlydog.zip;Courage the Cowardly Dog;RVC2;650;;https://huggingface.co/koolaidinpepsi/aivoices/resolve/main/courageRetrained.zip;;;;;;;;;;;;;;;;;;;;;;;;;;;;;;;;;;;;;;;;
Cozy Glow;My Little Pony;RVC2;300;;https://huggingface.co/MusicBox27/MyLittlePonyRVC/resolve/main/CozyGlow%20V2.zip;Cozy Glow;RVC2, RMVPE;225;;https://huggingface.co/MusicBox27/MyLittlePonyRVC/resolve/main/CozyGlowV3.zip?download=true;;;;;;;;;;;;;;;;;;;;;;;;;;;;;;;;;;;;;;;;
Cpt. MacMillan;Call of Duty;RVC2;1000;;https://huggingface.co/asdadasdsafagfsads/Cpt.Macmillan/resolve/main/Cpt.MacMillan.zip;Cpt. MacMillan;RVC2;1000;;https://huggingface.co/Alibor55/CaptainMacMillan/resolve/main/Captain%20MacMillan.zip;;;;;;;;;;;;;;;;;;;;;;;;;;;;;;;;;;;;;;;;
Craig Tucker;South Park;;300;Polish;https://app.kits.ai/convert/shared/craig-tucker-polski-dubbing;Craig Tucker;RVC2;224;;https://huggingface.co/Rookidee/rookidees-craig-tucker/resolve/main/rookidees-craig.zip;;;;;;;;;;;;;;;;;;;;;;;;;;;;;;;;;;;;;;;;
Crazy Frog (RVC v2) (550 epoch) (48k Hz);;RVC2;550;;https://huggingface.co/BigMitchell/CrazyFrog/resolve/main/crazy_frog.zip;;;;;;;;;;;;;;;;;;;;;;;;;;;;;;;;;;;;;;;;;;;;;
Crocodile;One Piece;RVC2;250;;https://huggingface.co/RevolutionaryPie/CrocodileRVC/resolve/main/Crocodile.zip;;;;;;;;;;;;;;;;;;;;;;;;;;;;;;;;;;;;;;;;;;;;;
Cursed Woody;Toy Story;RVC2;300;;https://drive.google.com/file/d/142UYy-w6WTyT27yjfwu3Xmo4OucYSDR1/view?usp=sharing;Cursed Woody;RVC2;300;;https://huggingface.co/cocoa7/CursedWoodySONG/resolve/main/cursedwoody.zip?download=true;;;;;;;;;;;;;;;;;;;;;;;;;;;;;;;;;;;;;;;;
Cypher;Valorant;RVC2;250;English;https://huggingface.co/lafual/Cypher_RVC_v2/resolve/main/Cypher.zip;Cypher;RVC2, RMVPE;500;Spanish;https://huggingface.co/Xavier2213/Cypher/resolve/main/Cypher%20(1).zip;;;;;;;;;;;;;;;;;;;;;;;;;;;;;;;;;;;;;;;;
Daisuke Namikawa;Singer;RVC2;100;Japanese;https://models.weights.gg/cloeqwjff003rwsk9lfjcrfoq.zip;Daisuke Namikawa;RVC2;100;Japanese;https://huggingface.co/Mitsubachi/True_Blue_Collection/resolve/main/Shouta_Kazehaya.zip;;;;;;;;;;;;;;;;;;;;;;;;;;;;;;;;;;;;;;;;
Daisy Duck;Disney;RVC2;250;;https://huggingface.co/NewTab/RVCModelsV1orV2/resolve/main/DaisyDuck.zip;;;;;;;;;;;;;;;;;;;;;;;;;;;;;;;;;;;;;;;;;;;;;
DalasReview;Youtuber;RVC2;250;;https://huggingface.co/AndresLoquendo0/DalasReviewSINGING/resolve/main/DalasSing.zip;;;;;;;;;;;;;;;;;;;;;;;;;;;;;;;;;;;;;;;;;;;;;
Dallas;Payday;;300;;https://app.kits.ai/convert/shared/dallas-8;Dallas;RMVPE;200;;https://huggingface.co/Chuck1200/Dallas-Payday-2-200E/resolve/main/Dallas.zip;;;;;;;;;;;;;;;;;;;;;;;;;;;;;;;;;;;;;;;;
Danger Mouse;Singer;RVC2;250;;https://huggingface.co/TheCyiTriangularDevil/DangerMouse1981;Danger Mouse (2015);RVC2;250;;https://huggingface.co/TheCyiTriangularDevil/DangerMouse2015;;;;;;;;;;;;;;;;;;;;;;;;;;;;;;;;;;;;;;;;
Daniel Balavoine;Singer;;;;https://huggingface.co/Mynno/DanielBalavoine/resolve/main/DanielBalavoine300e.zip;Daniel Balavoine;RVC2, RMVPE;300;;https://huggingface.co/Freddie-Dassin/Daniel_Balavoine/resolve/main/Daniel%20Balavoine.zip?download=true;;;;;;;;;;;;;;;;;;;;;;;;;;;;;;;;;;;;;;;;
Daniel Noboa Azín;Politician;RVC2, RMVPE;300;Spanish;https://huggingface.co/Eddycrack864/Daniel-Noboa-AI-Voice/resolve/main/danielnoboa.zip?download=true;Daniel Noboa Azín;RVC2, RMVPE;300;Spanish;https://huggingface.co/Eddycrack864/Daniel-Noboa-AI-Voice/resolve/main/danielnoboa.zip;;;;;;;;;;;;;;;;;;;;;;;;;;;;;;;;;;;;;;;;
Daria Zawiałow;Singer;RVC2;319;Polish;https://huggingface.co/CrimsonZockt/RVC-Model/resolve/main/DariazawialowV2.zip;Daria Zawialow;RVC2;300;Polish;https://huggingface.co/CrimsonZockt/RVC-Model/resolve/main/Dariazawialow.zip;;;;;;;;;;;;;;;;;;;;;;;;;;;;;;;;;;;;;;;;
DarkAngelCraft;Youtuber;RMVPE;300;Italian;https://huggingface.co/FanFierik/DarkAngelCraft/resolve/main/DarkAngelCraft.zip?download=true;DarkAngelCraft;RVC2;300;Italian;https://huggingface.co/FanFierik/DarkAngelCraft/resolve/main/DarkAngelCraft.zip;;;;;;;;;;;;;;;;;;;;;;;;;;;;;;;;;;;;;;;;
DarkDevilCraft;Youtuber;;300;Italian;https://huggingface.co/FanFierik/DarkDevilCraft/resolve/main/DarthDevilCraft.zip?download=true;DarkDevilCraft;RVC2;300;Italian;https://huggingface.co/FanFierik/DarkDevilCraft/resolve/main/DarthDevilCraft.zip;;;;;;;;;;;;;;;;;;;;;;;;;;;;;;;;;;;;;;;;
Daxter;Jax & Daxter;RVC2;320;;https://huggingface.co/Albinator/Daxter-From-Jak-And-Daxter/resolve/main/DaxterV2_e320_Pitch.zip?download=true;Daxter;RVC2;500;;https://huggingface.co/Albinator/Daxter-From-Jak-And-Daxter/resolve/main/DaxterV2_e500_NoPitch.zip;;;;;;;;;;;;;;;;;;;;;;;;;;;;;;;;;;;;;;;;
Daybreaker ;My Little Pony;RVC2;250;;https://huggingface.co/VillainMaster/Daybreaker/resolve/main/Daybreaker.zip;Daybreaker;RVC2, RMVPE;300;;https://huggingface.co/MusicBox27/MyLittlePonyRVC/resolve/main/Daybreaker.zip?download=true;;;;;;;;;;;;;;;;;;;;;;;;;;;;;;;;;;;;;;;;
Dazai Osamu;Writter;RVC2;500;Japanese;https://huggingface.co/enescakircali/dazai-osamu/resolve/main/dazai-osamu.zip;Dazai Osamu;;200;;https://huggingface.co/ddoumakunn/dazaiosamu/resolve/main/dazaiosamu.zip;;;;;;;;;;;;;;;;;;;;;;;;;;;;;;;;;;;;;;;;
DeadP47;Youtuber;Ov2;100;;https://huggingface.co/Joxi/RVCv2_models/resolve/main/DeadP47%20(Ov2).zip?download=true;Deadp47;RVC2;300;;https://huggingface.co/andrew11123/Deadp47/resolve/main/Deadp47.zip;;;;;;;;;;;;;;;;;;;;;;;;;;;;;;;;;;;;;;;;
Deadpool;Marvel;RMVPE;350;;https://huggingface.co/Homiebear/DeadPoolNolanNorth/resolve/main/Deadpool%20(Game).zip?download=true;;;;;;;;;;;;;;;;;;;;;;;;;;;;;;;;;;;;;;;;;;;;;
Dehya;Genshin Impact;RVC2, RMVPE;320;English;https://huggingface.co/Dolyfin/RVC2Models/resolve/main/DehyaEN4.0_e320_s83200.zip;Dehya;RVC2, RMVPE;320;English;https://huggingface.co/Dolyfin/Dolyfin/resolve/main/DehyaEN4.0_e320_s83200.zip;;;;;;;;;;;;;;;;;;;;;;;;;;;;;;;;;;;;;;;;
Del the Funky Homosapien;Singer;RVC2;500;;https://models.weights.gg/clodf03bc01siwsqnjospabjj.zip;Del the Funky Homosapien;RVC2;500;;https://huggingface.co/YETI2003/delthefunkyhomosapiens/resolve/main/delthefunky.zip;;;;;;;;;;;;;;;;;;;;;;;;;;;;;;;;;;;;;;;;
Demi Lovato;Singer;RVC2;460;;https://huggingface.co/magnus-son/Demi_Lovato_2008_RVC-V2_460e/blob/main/DemiLovato2008.zip;;;;;;;;;;;;;;;;;;;;;;;;;;;;;;;;;;;;;;;;;;;;;
Denzel Washington;Actor;RVC2, RMVPE;500;;https://huggingface.co/Fadeca/Denzel/resolve/main/DenzelWashington.zip?download=true;;;;;;;;;;;;;;;;;;;;;;;;;;;;;;;;;;;;;;;;;;;;;
Diana Burnwood;Hitman;RVC2;300;;https://huggingface.co/PleasureMan/Diana-Burnwood/blob/main/DianaBurnwood.zip;Diana Burnwood;RVC2;355;;https://huggingface.co/sonphantrung/HitmanVoiceCollection/resolve/main/DianaBurnwoodH2SA_e355_s25205.zip;;;;;;;;;;;;;;;;;;;;;;;;;;;;;;;;;;;;;;;;
Diddy Kong;Donkey Kong;;300;;https://huggingface.co/Blocktoast64/Blocktoasts-RVC-Models/blob/main/Diddy%20Kong.zip;Diddy Kong (Singing);RVC2, RMVPE;50;;https://huggingface.co/BindyCot/DiddyKongSingingRVCV2/resolve/main/DiddyKongSingingVoice.zip;;;;;;;;;;;;;;;;;;;;;;;;;;;;;;;;;;;;;;;;
Dixon Dallas;Singer;RVC2;300;;https://huggingface.co/cass/MiscRVCModels/resolve/main/dixondallasv1.zip;Dixon Dallas (Jake Hill);RVC2;250;;https://huggingface.co/tThreshold/dixondallas/resolve/main/dixondallas.zip;;;;;;;;;;;;;;;;;;;;;;;;;;;;;;;;;;;;;;;;
Docter Eggman;Sonic;RVC2, RMVPE;500;;https://huggingface.co/WholesalePringals/WPModels/resolve/main/Eggman%20(Mike%20Pollock).zip?download=true;;;;;;;;;;;;;;;;;;;;;;;;;;;;;;;;;;;;;;;;;;;;;
Doctor Octopus;Marvel;RVC2;260;;https://huggingface.co/Hazza1/OttoOctavius/resolve/main/otto.zip;;;;;;;;;;;;;;;;;;;;;;;;;;;;;;;;;;;;;;;;;;;;;
Doki;Discovery Kids;RVC;1000;;https://drive.google.com/file/d/1L32aRKCmYzNpgWVngG1vDWVpDgpvNIzW/view?usp=share_link;Doki;RVC2;250;;https://huggingface.co/EvanTheToonGuy40/RVC_Models/resolve/main/Doki.zip;;;;;;;;;;;;;;;;;;;;;;;;;;;;;;;;;;;;;;;;
Don Krieg;One Piece;RVC2;286;;https://huggingface.co/cheezebone/SpongyCakeRVC/resolve/main/Don_Krieg(ENG-Funi)_286e.zip;;;;;;;;;;;;;;;;;;;;;;;;;;;;;;;;;;;;;;;;;;;;;
Don Ramón;El Chavo del 8;RVC2;250;;https://huggingface.co/IzmaelAguayo/IzmaelAguayoRVC/resolve/main/DonRamon.zip;Don Ramón;RVC2;500;;https://huggingface.co/Alex59976/Alex59976RVC/resolve/main/DonRamon.zip;;;;;;;;;;;;;;;;;;;;;;;;;;;;;;;;;;;;;;;;
Donald Duck;Disney ;RVC2;140;;https://huggingface.co/UBandant/RVCModels/blob/main/Donald.zip;Donald Duck;RMVPE;200;;https://huggingface.co/Homiebear/DonaldDuck/resolve/main/DonaldDuck.zip?download=true;;;;;;;;;;;;;;;;;;;;;;;;;;;;;;;;;;;;;;;;
Donald Trump;Politician;RVC2;150;;https://huggingface.co/ThompsonAI9/ThompsonAI9RVC/resolve/main/donaldtrumplowenergy.zip;;;;;;;;;;;;;;;;;;;;;;;;;;;;;;;;;;;;;;;;;;;;;
Donquixote Doflamingo;One Piece;RVC2;250;;https://huggingface.co/RevolutionaryPie/DoflamingoRVC/resolve/main/Doflamingo.zip;;;;;;;;;;;;;;;;;;;;;;;;;;;;;;;;;;;;;;;;;;;;;
Doug Bowser;Businessman;;300;;https://huggingface.co/pachuto787/Doug/resolve/main/Doug%20Bowser.zip;Doug Bowser;RVC2, RMVPE;175;;https://huggingface.co/WoomyPearl/RVC-Model-Palace/resolve/main/DougBowser.zip;;;;;;;;;;;;;;;;;;;;;;;;;;;;;;;;;;;;;;;;
Doug Dimmadome;The Fairly OddParents;RVC2, RMVPE;250;;https://huggingface.co/MeloxxoleM/DougDimmadome/resolve/main/DougDimmadome.zip;Doug Dimmadome;RVC2, RMVPE;100;;https://huggingface.co/WoomyPearl/RVC-Model-Palace/resolve/main/DougDimmadomeOwnerOfTheDimmsdaleDimmadome.zip;;;;;;;;;;;;;;;;;;;;;;;;;;;;;;;;;;;;;;;;
Douma;Demon Slayer;RVC2;600;Japanese;https://weights.gg/user/cln1nsoq10000lf08sxfkpzqg;Douma;RVC2;600;Japanese;https://huggingface.co/Kuma6/Douma/resolve/main/Douma.zip;;;;;;;;;;;;;;;;;;;;;;;;;;;;;;;;;;;;;;;;
Dr Mundo;League of Legends;RVC2;350;;https://huggingface.co/AyyMann/AyyMannAI/resolve/main/DrMundoTheMadmanOfZaun.zip;Dr Mundo (Pre-Rework);RVC2;200;;https://huggingface.co/AyyMann/AyyMannAI/resolve/main/DrMundoTheMadmanOfZaunPreRework.zip;;;;;;;;;;;;;;;;;;;;;;;;;;;;;;;;;;;;;;;;
Dracule Mihawk;One Piece;RVC2;260;;https://huggingface.co/Skeetawn/OnePiece-Mihawk/resolve/main/OnePiece-DraculeMihawk.zip;;;;;;;;;;;;;;;;;;;;;;;;;;;;;;;;;;;;;;;;;;;;;
Draven;League of Legends;RVC2;450;;https://huggingface.co/Hazza1/Draven/blob/main/draven.zip;Draven (Ricardo Juarez);RVC2;300;Portuguese;https://huggingface.co/AlbinoSenpai/draven/resolve/main/draven.zip;;;;;;;;;;;;;;;;;;;;;;;;;;;;;;;;;;;;;;;;
Dua Lipa;Singer;RVC2;300;;https://huggingface.co/Roscall/Dua-lipaFutureNostalgia/resolve/main/Dua%20Lipa%20Future%20Nostalgia.zip;Dua Lipa;RVC2, RMVPE;;;https://models.weights.gg/cloathx7001a7wsj7nnr5h15w.zip;Dua Lipa;RVC2;400;;https://huggingface.co/winwln/RVCmodels/resolve/main/DuaLipa.zip;;;;;;;;;;;;;;;;;;;;;;;;;;;;;;;;;;;
Dylan Zitkus;Youtuber;RVC2;240;;https://huggingface.co/datasets/mango19918/aimodels/resolve/main/Dylan%20Zitkus.zip;Dylan Zitkus;RVC2;250;;https://huggingface.co/Saakaindzii/SaakaindziiRVC/resolve/main/DylanZitkusVoice.zip;;;;;;;;;;;;;;;;;;;;;;;;;;;;;;;;;;;;;;;;
Ed Sheeran;Singer;RMVPE, OV2;300;;https://huggingface.co/RegalHyperus/rvc-v2-drum-models/resolve/main/BadHabitsDrums.zip?download=true;Ed Sheeran (Celestial);RVC2, RMVPE;300;;https://huggingface.co/RegalHyperus/rvc-v2-drum-models/resolve/main/CelestialDrums.zip?download=true;Ed Sheeran (Thinking Out Loud);RMVPE, OV2;300;;https://huggingface.co/RegalHyperus/rvc-v2-drum-models/resolve/main/ThinkingOutLoudDrums.zip?download=true;Ed Sheeran;RVC2, RMVPE;400;;https://huggingface.co/SUP3RMASS1VE/Ed-Sheeran-0v2/resolve/main/Ed%20Sheeran%200v2.zip?download=true;Ed Sheeran;RVC2, RMVPE;500;;https://huggingface.co/SUP3RMASS1VE/Ed-Sheeran/resolve/main/Ed%20Sheeran.zip?download=true;;;;;;;;;;;;;;;;;;;;;;;;;
Edd;Eddsworld;;300;;https://huggingface.co/Blocktoast64/Blocktoasts-RVC-Models/blob/main/Edd%20(Billie%20Hindle).zip;Edd (Billie Hindle);;300;;https://huggingface.co/Blocktoast64/Blocktoasts-RVC-Models/resolve/main/Edd%20(Billie%20Hindle).zip;;;;;;;;;;;;;;;;;;;;;;;;;;;;;;;;;;;;;;;;
EDD;Ed, Edd n Eddy;RVC2;300;;https://huggingface.co/Loren85/EDD-videogame-2005/resolve/main/EDD%20Video%20game.zip?download=true;Edd;RVC2;250;;https://huggingface.co/IsaiahTheCreator/Eddy/resolve/main/Edd.zip;;;;;;;;;;;;;;;;;;;;;;;;;;;;;;;;;;;;;;;;
Eddie Murphy;Shrek;RVC2;204;;https://huggingface.co/MrSneakyD/Donkey_RVC/resolve/main/donkey-sing.zip;;;;;;;;;;;;;;;;;;;;;;;;;;;;;;;;;;;;;;;;;;;;;
Edvard Persson;Singer;RVC2;440;Swedish;https://huggingface.co/Albinator/Edvard-Persson/resolve/main/Edvard-Persson_e440_s17600.zip?download=true;Edvard Persson;RVC2;440;Swedish;https://huggingface.co/Albinator/Edvard-Persson/resolve/main/Edvard-Persson_e440_s17600.zip;;;;;;;;;;;;;;;;;;;;;;;;;;;;;;;;;;;;;;;;
Eiichiro Oda;One Piece;RVC2;116;;https://huggingface.co/Skeetawn/EiichiroOda/resolve/main/Eiichiro-Oda.zip;;;;;;;;;;;;;;;;;;;;;;;;;;;;;;;;;;;;;;;;;;;;;
El Bananero;Youtuber;RVC2;;;https://huggingface.co/Blakus/El_Bananero_RVC/resolve/main/El_Bananero_RVC.zip;;;;;;;;;;;;;;;;;;;;;;;;;;;;;;;;;;;;;;;;;;;;;
Eli Vance;Half Life;RVC2, RMVPE;350;;https://huggingface.co/ScruffyRVC/RFCRVCV2/resolve/main/eli-vance.zip?download=true;Eli Vance;RVC2, RMVPE;300;;https://huggingface.co/Helpfulmonster556/RVCModels/resolve/main/EliVanceV2.zip?download=true;;;;;;;;;;;;;;;;;;;;;;;;;;;;;;;;;;;;;;;;
Ellie;The Last of Us;RVC2;119;;https://huggingface.co/Grimoire-VC/Voices/resolve/main/EllieP1.zip;Ellie (Part 2);RVC2;203;;https://huggingface.co/Grimoire-VC/Voices/resolve/main/EllieP2.zip;;;;;;;;;;;;;;;;;;;;;;;;;;;;;;;;;;;;;;;;
Elmo;Sesame Street;RVC2;300;;https://huggingface.co/SonicInGug/Elmo-Kevin-Clash/resolve/main/ElmoKevinClash.zip;Elmo (Ryan Dillon);RVC2;250;;https://huggingface.co/datonerylsguy/ElmoRyanDillon/resolve/main/ElmoRyanDillon.zip;;;;;;;;;;;;;;;;;;;;;;;;;;;;;;;;;;;;;;;;
Elsa;Frozen;RVC2;300;;https://huggingface.co/SCRFilms/ElsaFrozenV4/resolve/main/Elsa_V5_40K.zip?download=true;Elsa;RVC2;600;;https://huggingface.co/SCRFilms/ElsaFrozenV4/resolve/main/Elsa%20V4_600.zip?download=true;Elsa;RVC2;500;;https://huggingface.co/SCRFilms/ElsaFrozen/resolve/main/ElsaFrozen_1.zip;;;;;;;;;;;;;;;;;;;;;;;;;;;;;;;;;;;
Elton John;Singer;;;;https://huggingface.co/VAP36/EltonJohnCurrent/blob/main/EJModern.zip;Elton John (1990s);RVC2;200;;https://huggingface.co/Flyleaf/1990sEltonJohn/resolve/main/1990sEltonJohn.zip;Elton John (1986);RVC2;500;;https://huggingface.co/Flyleaf/1986EltonJohnLiveinAustralia/resolve/main/1986EltonJohn.zip;Elton John (Modern);RVC2;225;;https://huggingface.co/Flyleaf/EltonJohnModern/resolve/main/2019Elton.zip;Elton John;RVC2;340;;https://huggingface.co/Flyleaf/1983ltonJohn/resolve/main/1983ltonjohn.zip;;;;;;;;;;;;;;;;;;;;;;;;;
Emerald Goldenbraid;Mysticons;RVC2;240;;https://drive.google.com/file/d/1es4cDMV1ZyWRl7-_xsbL_E06iBB3ADfr/view?usp=sharing;Emerald GoldenBraid;RVC2;270;;https://drive.google.com/file/d/1es4cDMV1ZyWRl7-_xsbL_E06iBB3ADfr/view?usp=drive_link;;;;;;;;;;;;;;;;;;;;;;;;;;;;;;;;;;;;;;;;
Emmanuel Macron;Politician;RVC2;160;;https://huggingface.co/ImAddict/macron/resolve/main/macron.zip;;;;;;;;;;;;;;;;;;;;;;;;;;;;;;;;;;;;;;;;;;;;;
Emperor Zurg;Toy Story;RVC2;250;;https://huggingface.co/MrSneakyD/EmperorZurg_RVC/resolve/main/Zurg_BLoSC.zip;Emperor Zurg;RVC2;250;;https://huggingface.co/MrSneakyD/EmperorZurg_RVC/resolve/main/zurg.zip;;;;;;;;;;;;;;;;;;;;;;;;;;;;;;;;;;;;;;;;
Er Brasiliano;Youtuber;RVC2;250;Italian;https://huggingface.co/FanFierik/ErBrasiliano/resolve/main/ErBrasiliano.zip?download=true;Er Brasiliano (Massimiliano Minnocci);RVC2;250;Italian;https://huggingface.co/FanFierik/ErBrasiliano/resolve/main/ErBrasiliano.zip;;;;;;;;;;;;;;;;;;;;;;;;;;;;;;;;;;;;;;;;
EricVanWilderman;Youtuber;RVC2;250;;https://huggingface.co/noob3n/EricVanWilderman/resolve/main/EVW.zip;EricVanWilderman;RVC;200;;https://huggingface.co/GDJay/JayModels/resolve/main/EricVanWilderman.zip;;;;;;;;;;;;;;;;;;;;;;;;;;;;;;;;;;;;;;;;
Erling Haaland;Footballer;RVC2;200;English;https://huggingface.co/Rationalise/ErlingHaaland/resolve/main/ErlingHaaland.zip;Erling Haaland;RVC2;230;;https://huggingface.co/Hazza1/ErlingHaaland/resolve/main/erling.zip;;;;;;;;;;;;;;;;;;;;;;;;;;;;;;;;;;;;;;;;
Espio The Chameleon;Sonic Heroes;RVC2;250;;https://huggingface.co/thedoodooman/myverycoolaimodels/resolve/main/Espio.zip;Espio the Chameleon (Bill Corkery);RVC2;300;;https://huggingface.co/Coleereer/EGadd/resolve/main/EspioHeroes.zip;;;;;;;;;;;;;;;;;;;;;;;;;;;;;;;;;;;;;;;;
Ethan Winter's;Resident Evil;RVC2;140;;https://huggingface.co/Hazza1/EthanWinters/resolve/main/ethanre7.zip;Ethan Winter's;RVC2;430;;https://huggingface.co/AIMan2001/EthanWinters/resolve/main/EthanWinters.zip;Ethan Winter's;RVC2;300;;https://huggingface.co/Rejekts/EthanWinters-RVC/resolve/main/EthanWinters.zip?download=true;;;;;;;;;;;;;;;;;;;;;;;;;;;;;;;;;;;
Eula;Genshin Impact;RVC2;300;Japanese;https://huggingface.co/iroaK/RVC2_Eula_GenshinImpact/resolve/main/EulaJP.zip;Eula;RVC2;300;English;https://huggingface.co/xdcrosserxd/Eula/resolve/main/EulaModel.zip;;;;;;;;;;;;;;;;;;;;;;;;;;;;;;;;;;;;;;;;
Eustass Kid;One Piece;RVC2;250;;https://huggingface.co/RevolutionaryPie/KidRVC/resolve/main/EustassKid.zip;;;;;;;;;;;;;;;;;;;;;;;;;;;;;;;;;;;;;;;;;;;;;
Ezili;Bloons TD;;300;;https://huggingface.co/Blocktoast64/Blocktoasts-RVC-Models/blob/main/Ezili.zip;Ezili;RVC2;250;;https://huggingface.co/Camthekirby/My-Funky-Models/resolve/main/Ezili.zip;;;;;;;;;;;;;;;;;;;;;;;;;;;;;;;;;;;;;;;;
Ezreal;League of Legends;RVC2;250;Portuguese (BR);https://huggingface.co/Godielvs/ezrealbrdubRVCv2/resolve/main/ezrealbrdub.zip;Ezreal (Lil Yoda);RVC2;500;English;https://huggingface.co/LilYoda/ezrealLOL/resolve/main/Ezreal.zip;Ezreal;;250;Turkish;https://huggingface.co/cengizhanprodeksin/Ezrealv1/blob/main/Ezraelv1.zip;;;;;;;;;;;;;;;;;;;;;;;;;;;;;;;;;;;
Fabrizio De André;Singer;;400;Italian;https://huggingface.co/lollenape/LollenApeRVC/resolve/main/DeAndr%C3%A9400.zip;Fabrizio de André;RVC2;300;Italian;https://huggingface.co/AngeT10/DEandrev2/resolve/main/ANDREV2.zip?download=true;Fabrizio de André;RVC2;300;Italian;https://huggingface.co/AngeT10/DEandrev2/resolve/main/ANDREV2.zip;;;;;;;;;;;;;;;;;;;;;;;;;;;;;;;;;;;
Fact Core;Portal 2 ;;300;;https://huggingface.co/Kaida123XD/Fact_Core_PORTAL2_RVC/resolve/main/fact%20core.zip?download=true;Fact Core (Ov2 Super Pretrain);;300;;https://huggingface.co/Kaida123XD/FACT_CORE_PORTAL2_RVC2_V2/resolve/main/fact%20core%20V2.zip?download=true;;;;;;;;;;;;;;;;;;;;;;;;;;;;;;;;;;;;;;;;
Fanboy;Fanboy & Chum Chum;;;;https://discord.com/channels/1159260121998827560/1161453563730464840;Fanboy;;;;https://app.kits.ai/convert/shared/fanboy;Fanboy;RVC2;300;;https://huggingface.co/craftersshaft/RVC-ReallyGoodeModel-craftersshaft/resolve/main/Fanboy.zip?download=true;Fanboy (Singing);;300;;https://huggingface.co/JaimeVJ09/Fanboy/resolve/main/Fanboy.zip;;;;;;;;;;;;;;;;;;;;;;;;;;;;;;
Faputa ;Made in Abyss;OV2;150;;https://huggingface.co/Joxi/RVCv2_models/resolve/main/Faputa%20(Made%20in%20Abyss)%20(Ov2).zip?download=true;Faputa (Reupload);;200;;https://huggingface.co/Joxi/RVCv2_models/resolve/main/Faputa.zip?download=true;Faputa;RVC2;200;;https://huggingface.co/Joxi/RVCv2_models/resolve/main/Faputa.zip;Faputa (40k);RVC2;500;;https://huggingface.co/RUXHIR2828/Faptu/resolve/main/faptu.zip;;;;;;;;;;;;;;;;;;;;;;;;;;;;;;
Farmer With A Shotgun;Dragon Ball;;;English;https://models.weights.gg/b2cc1700-d4d8-4c63-82b9-019913f6a871.zip;Farmer With a Shotgun;RVC2;750;English;https://static.wikia.nocookie.net/dragonballupdates/images/3/3d/Farmer.png/revision/latest?cb=20111211190017;;;;;;;;;;;;;;;;;;;;;;;;;;;;;;;;;;;;;;;;
Felix Argyle;Re:Zero;;200;;https://app.kits.ai/convert/shared/felix-argyle;Felix Argyle;RVC2;500;;https://huggingface.co/BlinMaster1/felixargyle/resolve/main/felixargyle.zip;;;;;;;;;;;;;;;;;;;;;;;;;;;;;;;;;;;;;;;;
Female V;Cyberpunk;RVC2;400;;https://youtube.com/playlist?list=PL4sG3ZyWkBjDv7CquwDlEnpf3K_RImHQ_;Female V;RVC2;400;;https://huggingface.co/Astral-P/Female_V_V2/resolve/main/CP2077_Female_V.zip;Female V (RUS);RVC2;500;Russian;https://huggingface.co/JHmashups/CyberpunkV/resolve/main/CyberpunkV.zip;;;;;;;;;;;;;;;;;;;;;;;;;;;;;;;;;;;
Fibberachee;SheZow;RVC2, RMVPE;100;;https://huggingface.co/WoomyPearl/RVC-Model-Palace/resolve/8772d939cc9f83968a5c375de5a80195cdb82e4d/Fibberachee.zip;Fibberachee;RVC2, RMVPE;100;;https://models.weights.gg/cloc6h9ri001zwsmy17dp4qqa.zip;;;;;;;;;;;;;;;;;;;;;;;;;;;;;;;;;;;;;;;;
Fifi Forget-Me-Not;Fifi and the Flowertots;;;;https://models.weights.gg/a793e273-6fee-4959-b4fb-f83823ff2910.zip;Fifi Forget-Me-Not;;;;https://models.weights.gg/5cc0e455-76a6-4620-abfc-6197efc8cbdc.zip;;;;;;;;;;;;;;;;;;;;;;;;;;;;;;;;;;;;;;;;
Fionna;Adventure Time;RVC-beta;1000;;https://huggingface.co/Keshiak/Fionna/resolve/main/Fionna.zip;Fionna (Latino);;;Español;https://app.kits.ai/convert/shared/fionna-campbell-latino-hora-de-aventura-fionna-y-cake;;;;;;;;;;;;;;;;;;;;;;;;;;;;;;;;;;;;;;;;
Fiora;League of Legends;RVC2, RMVPE;500;;https://huggingface.co/AyyMann/AyyMannAI/resolve/main/FioraTheGrandDuelist.zip?download=true;Fiora;RVC2, RMVPE;500;;https://huggingface.co/AyyMann/AyyMannAI/resolve/main/FioraTheGrandDuelist.zip;Fiora;RVC2, RMVPE;500;;https://models.weights.gg/cloanpl4500ymwsj7nwor9b7k.zip;;;;;;;;;;;;;;;;;;;;;;;;;;;;;;;;;;;
Firey;Battle for Dream Island;RVC2, RMVPE;450;;https://huggingface.co/stereoslash/StereosRVC/resolve/main/fireycds.zip;Firey (Retrained) (Latino);RVC2, RMVPE;300;Español;https://huggingface.co/AmanBOT/FueguitoBFDIV2/resolve/main/FueguitoBFDIV2.zip;Firet Jr.;RVC2;190;;https://huggingface.co/FannToonsTheSilliest/nailyv2/resolve/main/firey_jr.zip;;;;;;;;;;;;;;;;;;;;;;;;;;;;;;;;;;;
FitMC;Youtuber;RVC2, RMVPE;155;;https://huggingface.co/AnimeSessions/SAG-AFTRA_RIAA_Friendly_RVC_Voice_Models/resolve/main/FitMCRVC.zip?download=true;FitMC;RVC2;300;;https://huggingface.co/OccultMC/FitMC/resolve/main/FitMC_RVCv2_300_Epoch.zip;;;;;;;;;;;;;;;;;;;;;;;;;;;;;;;;;;;;;;;;
Fizzarolli;Helluva Boss;RVC-beta;1000;;https://huggingface.co/Keshiak/Fizzarolli/resolve/main/Fizzarolli.zip;Fizzarolli;RVC2, RMVPE;300;;https://huggingface.co/ScruffyRVC/RFCRVCV2/resolve/main/fizz.zip?download=true;Fizzarolli;RVC2;200;;https://huggingface.co/Loren85/Frizzaroli-LOOK-AT-THIST-Voice/resolve/main/Frizzaroli-LOOK%20AT%20THIS-Voice.zip?download=true;;;;;;;;;;;;;;;;;;;;;;;;;;;;;;;;;;;
Flandre Scarlet;Touhou;RVC2;250;;https://huggingface.co/CCGXDTOKYO/Flandre_Scarlet_V2_250/resolve/main/Flandre3%20(epochs%20250-crave)%20Final.zip;Flandre Scarlet;RVC2, OV2 Super;250;;https://huggingface.co/CRoyce/Models_I_make/resolve/main/Flandre_Scarlet.zip?download=true;Flandre Scarlet;RVC2;300;;https://huggingface.co/bravelilbirb/cirnofunky/resolve/main/FlanFlanFlan.zip;;;;;;;;;;;;;;;;;;;;;;;;;;;;;;;;;;;
Flowey - Undertale;Undertale;RVC2, RMVPE;380;;https://huggingface.co/Freaky98/Flowey-rvc-v2-380e/resolve/main/Flowey.zip?download=true;Flowey;RVC2;240;;https://huggingface.co/LTFOfficial/LTFRVC/resolve/main/Flowey.zip;Flowey;RMVPE;400;;https://huggingface.co/Homiebear/Flowey/resolve/main/UNDERTALE%20Flowey.zip?download=true;;;;;;;;;;;;;;;;;;;;;;;;;;;;;;;;;;;
Fluttershy;My Little Pony;;;;https://models.weights.gg/943fc78b-eab6-4daa-9689-ac510929594f.zip;Fluttershy;RVC2;250;;https://huggingface.co/TimPlay212/TimPlay212RVC/resolve/main/Fluttershymov.zip;Fluttershy;RVC2, RMVPE, Ov2;120;;https://huggingface.co/marup/MLPFIMRVC/resolve/main/MLP06Fluttershy.zip?download=true;;;;;;;;;;;;;;;;;;;;;;;;;;;;;;;;;;;
France Gall;Singer;RVC2;;;https://models.weights.gg/a14bf43b-d148-4d91-b937-de6b1b0a253d.zip;France Gall;RVC2;200;;https://huggingface.co/abc1234/FranceGall_70s/resolve/main/FranceGall_70s.zip;France Gall (1960s);RVC2;200;;https://huggingface.co/abc1234/FranceGall_1960s/resolve/main/FranceGall_Sixties.zip;;;;;;;;;;;;;;;;;;;;;;;;;;;;;;;;;;;
Frank Ocean;Singer;RVC2, RMVPE;2000;;https://huggingface.co/analogspiderweb/analogspiderweb_RVC/resolve/main/FrankOcean-48k.zip;Frank Ocean;RVC2;325;;https://huggingface.co/raptarantino/frankocean325e/resolve/main/frankoceancrepe.zip;Frank Ocean;RVC2;860;;https://huggingface.co/raptarantino/frankocean860e/resolve/main/frankocean860e.zip;Frank Ocean;RVC;1000;;https://huggingface.co/jentiecult/frankocean/resolve/main/frankocean.zip;;;;;;;;;;;;;;;;;;;;;;;;;;;;;;
Frank Sinatra;Singer;RVC2;300;;https://huggingface.co/Kalfrin/VOICE-IA-MODEL-BY-KALFRIN/blob/main/Frank%20Sinatra%2040s.zip;Frank Sinatra;RVC2;300;;https://huggingface.co/datasets/Roscall/SinatraRVC/resolve/main/Sinatra%20RVC.zip;;;;;;;;;;;;;;;;;;;;;;;;;;;;;;;;;;;;;;;;
Frankenstein's Monster;;;330;;https://huggingface.co/Albinator/Frankensteins-Monster-Grunts/resolve/main/Frankensteins-Monster_e260_s520-3SecDataset.zip?download=true;Frankenstein's Monster (1931);RVC2;;;https://huggingface.co/Albinator/Frankensteins-Monster-Grunts/resolve/main/Frankensteins-Monster_e260_s520-3SecDataset.zip;Frankenstein's Monster;RVC2;330;;https://huggingface.co/Albinator/Frankensteins-Monster-Grunts/resolve/main/Frankensteins-Monster_e330_s990-10SecDataset.zip;;;;;;;;;;;;;;;;;;;;;;;;;;;;;;;;;;;
Franklin Clinton;GTA;RVC2;300;;https://huggingface.co/grandtheftauto/franklin-clinton/resolve/main/franklin.zip;Franklin Clinton (Shawn Fonteno);RVC2;500;;https://huggingface.co/Tsuinzues/franklinclinton/resolve/main/franklinclinton.zip;Franklin Clinton;RVC2;300;;https://huggingface.co/lilyrpa/lilyrpaModels/resolve/main/franklinclinton.zip;;;;;;;;;;;;;;;;;;;;;;;;;;;;;;;;;;;
Franky;One Piece;;400;Japanese;https://huggingface.co/Flyleaf/FrankyOnePieceJapaneseVA/resolve/main/FrankyOnePiece.zip;Franky;RVC2;300;English;https://huggingface.co/FrappeChan/Franky_English/blob/main/Franky_English.zip;;;;;;;;;;;;;;;;;;;;;;;;;;;;;;;;;;;;;;;;
Fred Flintstone (Alan Reed);The Flintstones;RVC2, RMVPE;100;;https://huggingface.co/WoomyPearl/RVC-Model-Palace/resolve/main/FredFlintstone.zip;Fred Flintstone (Alan Reed);RVC2, RMVPE;350;;https://huggingface.co/lintu/FredFlintstone/blob/main/FredFlintstone.zip;;;;;;;;;;;;;;;;;;;;;;;;;;;;;;;;;;;;;;;;
Fred Jones;Scooby Doo;RVC2, RMVPE;350;;https://huggingface.co/SuperTyler101/FredJones/resolve/main/FredJones.zip?download=true;Fred Jones;RVC2;500;;https://huggingface.co/Player1444/AI.models/resolve/main/Fred%20Jones.zip?download=true;Fred Jones;RVC2;500;;https://huggingface.co/Player1444/AI.models/resolve/main/Fred%20Jones.zip;;;;;;;;;;;;;;;;;;;;;;;;;;;;;;;;;;;
Fredbear;FNAF;RVC1;266;;https://drive.google.com/file/d/1AlD31jCbR_eSEJn_a218eWXDH4HxHcWU/view?usp=sharing;Fredbear;RVC2;90;;https://huggingface.co/Meido2/FredbearFNAFWorld/resolve/main/FredbearFNAFW.zip;Fredbear;;300;;https://huggingface.co/Blocktoast64/Blocktoasts-RVC-Models/blob/main/fredbear-fnafworld.zip;Fredbear;RVC2;250;;https://huggingface.co/Alexthereek/Fredbear/resolve/main/Fredbear.zip;;;;;;;;;;;;;;;;;;;;;;;;;;;;;;
Freezer;Dragon Ball;RVC2;300;Italian;https://huggingface.co/Pugliah/Freezer/resolve/main/freezer.zip;Freezer;RVC2;300;Italian;https://huggingface.co/Pugliah/Freezer/resolve/main/freezer.zip%3C:monka:1159360351872221274;;;;;;;;;;;;;;;;;;;;;;;;;;;;;;;;;;;;;;;;
Frosty The Snowman;;RVC2;300;;https://huggingface.co/MoltenStar/frostythesnowmanRVCV2/resolve/main/frostythesnowmanRVCV2.zip;Frosty The Snowman;RVC1;300;;https://huggingface.co/MoltenStar/frostythesnowmanRVC/resolve/main/frostythesnowmanRVC.zip;;;;;;;;;;;;;;;;;;;;;;;;;;;;;;;;;;;;;;;;
Fu Xuan;Honkai: Star Rail;RVC2;300;English;https://huggingface.co/Juneuarie/FuXuan/resolve/main/FuXuan.zip;Fu Xuan;RVC2;480;Korean;https://huggingface.co/jarari/RVC-v2/resolve/main/fuxuan_kr.zip;Fu Xuan;RVC2, RMVPE;140;English;https://huggingface.co/Dolyfin/Dolyfin/resolve/main/FuxuanEN1.3_e140_s21420.zip;;;;;;;;;;;;;;;;;;;;;;;;;;;;;;;;;;;
Future Trunks;Dragon Ball;RVC2;250;Japanese;https://huggingface.co/Goshujin/GoshujinRVC/resolve/main/FutureTrunksJPN.zip;Future Trunks;RVC2, OV2 Super;250;English;https://huggingface.co/SyberGen/DragonBall-Ov2Super/resolve/main/FutureTrunks-FighterZ.zip?download=true;;;;;;;;;;;;;;;;;;;;;;;;;;;;;;;;;;;;;;;;
Fuzz The Cat;The June Archives;RVC2;Varied;;https://huggingface.co/MrAK2006/RVCModels/resolve/main/fuzznormal.zip;Fuzz the Cat;RVC2;250;;https://huggingface.co/datonerylsguy/FuzzTheCat/resolve/main/FuzzTheCat.zip;;;;;;;;;;;;;;;;;;;;;;;;;;;;;;;;;;;;;;;;
Gaige;Borderlands;RVC2, RMVPE;300;;https://huggingface.co/Astral-P/Gaige/resolve/main/Gaige.zip;Gaige;RVC2, RMVPE;300;;https://huggingface.co/Astral-P/Gaige/resolve/main/Gaige.zip?download=true;;;;;;;;;;;;;;;;;;;;;;;;;;;;;;;;;;;;;;;;
Gale;Brawl Stars;RVC2, RMVPE;200;;https://huggingface.co/Nick088/Gale_Brawl_Stars/resolve/main/Gale_Brawl_Stars.zip?download=true;;;;;;;;;;;;;;;;;;;;;;;;;;;;;;;;;;;;;;;;;;;;;
Gandalf;The Lord of the Rings;RVC2;300;;https://huggingface.co/ndroidz/gandalf/resolve/main/gandalf.zip;Gandalf (Hobbit);RVC2;300;;https://huggingface.co/InductiveGrub/Gandalf/resolve/main/Gandalf.zip;;;;;;;;;;;;;;;;;;;;;;;;;;;;;;;;;;;;;;;;
Gandhi;Clone High;;200;;https://app.kits.ai/convert/shared/gandhi-clone-high;Gandhi (Latin);RVC2;400;Spanish;https://huggingface.co/SkippyLean/Gandhi_Latino/resolve/main/GandhiLatino.zip;Gandhi (Latin);RVC2;450;Spanish;https://drive.google.com/file/d/13diZXCBPi-5uQag24I_TvZ1KBzI6FrQ8/view?usp=sharing;Gandhi V2 (Latin);RVC2;450;;https://huggingface.co/SkippyLean/Gandhi_LatinoV2/resolve/main/GandhiLatinoV2.zip;;;;;;;;;;;;;;;;;;;;;;;;;;;;;;
Gangle;TADC;RVC2, RMVPE;100;;https://huggingface.co/Nick088/TADC_Gangle/resolve/main/TADC_Gangle.zip;Gangle (Marissa Lenti);RVC2, RMVPE;50;;https://huggingface.co/Nick088/TADC_Gangle/resolve/main/TADC_Gangle.zip?download=true;;;;;;;;;;;;;;;;;;;;;;;;;;;;;;;;;;;;;;;;
Ganondorf;The Legend of Zelda;;300;Japanese;https://huggingface.co/Blocktoast64/Blocktoasts-RVC-Models/blob/main/Ganondorf%20(Hironori%20Miyata%2C%20The%20Legend%20of%20Zelda).zip;Ganondorf (Takashi Nagasako);;300;Japanese;https://huggingface.co/Blocktoast64/Blocktoasts-RVC-Models/blob/main/Ganondorf%20(Takashi%20Nagasako%2C%20The%20Legend%20of%20Zelda).zip;Ganondorf (Tears of the Kingdom);RVC2;500;;https://huggingface.co/covaxgrizz/Ganon/resolve/main/Ganondorf.zip;Ganondorf (Tears of the Kingdom);RVC2;200;;https://huggingface.co/spidercraft/GanondorfTOTK/resolve/main/Ganon.zip;;;;;;;;;;;;;;;;;;;;;;;;;;;;;;
Garcello;FNF;RVC2;200;;https://huggingface.co/OwlCity/OwlCityRVC/resolve/main/Garcello.zip;Garcello;;300;;https://huggingface.co/Blocktoast64/Blocktoasts-RVC-Models/blob/main/Garcello.zip;;;;;;;;;;;;;;;;;;;;;;;;;;;;;;;;;;;;;;;;
Gardevoir;Pokemon;RVC2;250;;https://huggingface.co/Portersona/My-Models/resolve/main/Gardevoir.zip;Gardevoir;RVC2;300;;https://huggingface.co/Zeal-anton-ski/Sage/resolve/main/Gardevoir.zip?download=true;;;;;;;;;;;;;;;;;;;;;;;;;;;;;;;;;;;;;;;;
Garen;League of Legends;RVC2;300;Turkish;https://app.kits.ai/convert/shared/garen-SMc50dwRMH,;;;;;;;;;;;;;;;;;;;;;;;;;;;;;;;;;;;;;;;;;;;;;
Gary Smith;Bully;RVC2;15;;https://huggingface.co/davisudo2000/GarySmith/resolve/main/GarySmith.zip?download=true;Gary Smith;RVC2;300;;https://huggingface.co/RafaG/ModelsAIvoice/resolve/main/Gary_Smith.zip;Gary Smith ;RVC2;200;;https://huggingface.co/Gbzzinn/GarySmithV2/resolve/main/GarySmithV2.zip?download=true;;;;;;;;;;;;;;;;;;;;;;;;;;;;;;;;;;;
Gecko Moria;One Piece;RVC2;260;;https://huggingface.co/Skeetawn/Gecko-Moria/resolve/main/OnePiece-GeckoMoria-V2.zip;Gecko Moria;RVC2;260;;https://huggingface.co/Skeetawn/OnePiece-GeckoMoria/resolve/main/OnePiece-GeckoMoria.zip;;;;;;;;;;;;;;;;;;;;;;;;;;;;;;;;;;;;;;;;
Geese Howard;Tekken;RVC2;200;Japanese;https://huggingface.co/clydemystik325/ClydesRVCModels/resolve/main/GeeseCVS2_200e.zip;Geese Howard;RVC2;370;Japanese;https://huggingface.co/clydemystik325/ClydesRVCModels/resolve/main/GeeseHoward_370e.zip;;;;;;;;;;;;;;;;;;;;;;;;;;;;;;;;;;;;;;;;
General Grievous;Star Wars;RVC2;1000;;https://huggingface.co/OwlCity/OwlCityRVC/resolve/main/GrievousBf2.zip;General Grievous;RVC2;880;;https://huggingface.co/TheGreasyGamer/GeneralGrievous/resolve/main/GeneralGrievous.zip;General Grievous;RVC2;400;;https://huggingface.co/Akitai/GeneralGrievous/resolve/main/GeneralGrievousCGI.zip;;;;;;;;;;;;;;;;;;;;;;;;;;;;;;;;;;;
George Carlin;Actor;RVC2;250;;https://huggingface.co/datasets/cthl/georgecarlin/resolve/main/George_Carlin.zip;George Carlin;;300;;https://app.kits.ai/convert/shared/george-carlin-1;George Carlin;RVC2, RMVPE;200;;https://huggingface.co/EvanTheToonGuy40/RVC_Models/resolve/main/GeorgeCarlinNarration.zip?download=true;;;;;;;;;;;;;;;;;;;;;;;;;;;;;;;;;;;
Geraldo;Bloons TD;RVC2, RMVPE;125;;https://huggingface.co/Slkdow/Sanji/resolve/main/Geraldo%20BTD%206%20125E.zip?download=true;Geraldo;RVC2;250;;https://huggingface.co/tenqwerty/voice-models/resolve/main/geraldo.zip;Geraldo;;300;;https://huggingface.co/Blocktoast64/Blocktoasts-RVC-Models/blob/main/Geraldo.zip;;;;;;;;;;;;;;;;;;;;;;;;;;;;;;;;;;;
Gerard Way;Singer;;1000;;https://mega.nz/file/gVtVSB7D#IiZpIaBV2f6ZKea7y3XdlMS4ZCijxPjhF9WlvD0i4GI;Gerard Way;;300;;https://app.kits.ai/convert/shared/gerard-way;Gerard Way;RVC2;300;;https://huggingface.co/stereoslash/StereosRVC/resolve/main/gerard.zip;;;;;;;;;;;;;;;;;;;;;;;;;;;;;;;;;;;
Germán Garmendia;Youtuber;RVC;200;Spanish;https://huggingface.co/Krakon/GermanGarmendiaRVC/resolve/main/germangarmendia.zip;Germán Garmendia;RVC2;100;Spanish;https://huggingface.co/MilloXL07/GermanGarmendia/resolve/main/GermanGarmendia.zip;;;;;;;;;;;;;;;;;;;;;;;;;;;;;;;;;;;;;;;;
Gex (Dana Gould/Gex) (RVC V2) 350 Epochs;;RVC2;350;;https://huggingface.co/Coleereer/EGadd/resolve/main/Gex.zip;Gex (Danny John-Jules);RVC2;350;English;https://huggingface.co/Coleereer/EGadd/resolve/main/Gex3UK.zip;Gex (Enter the Gecko);RVC2;350;English;https://huggingface.co/Coleereer/EGadd/resolve/main/Gex2US.zip;Gex (Mad Dash Racing);RVC2, RMVPE;200;;https://huggingface.co/WoomyPearl/RVC-Model-Palace/resolve/main/GexMDR.zip;;;;;;;;;;;;;;;;;;;;;;;;;;;;;;
Ghali;Singer;RVC2;300;Italian;https://huggingface.co/ismattee/modelli/resolve/main/GhaliRVCv2.zip;Ghali;RVC2, Ov2;300;Italian;https://huggingface.co/Loren85/Ghali-2017-Album-voice/resolve/main/Ghali%202017%20Voce%20%20300.zip?download=true;Ghali;;400;;https://huggingface.co/Plasmati/AIDRIVEORNOTMODELS2/resolve/main/Ghali.zip?download=true;;;;;;;;;;;;;;;;;;;;;;;;;;;;;;;;;;;
Ghost;Destiny;;;;https://models.weights.gg/cloehyov40003ld08zwzdtthc.zip;Ghost (O.G.);;;;https://huggingface.co/reddrumm/RVCModels/resolve/main/DestinyGhostDinkle_e595_s24990_RVC.zip;;;;;;;;;;;;;;;;;;;;;;;;;;;;;;;;;;;;;;;;
Ghost (True Capitalist Radio, 2016 era) (RVC v2, 150 epochs);;RVC2;150;;https://huggingface.co/Margen67/tcrghost/resolve/main/tcrghost.zip;Ghost (True Capitalist Radio);RVC2;540;;https://huggingface.co/tridenT98/GhostPolitics/resolve/main/GhostPoliticsV2.zip;;;;;;;;;;;;;;;;;;;;;;;;;;;;;;;;;;;;;;;;
Gilbert Gottfried;Actor;RVC2, RMVPE;500;;https://huggingface.co/WoomyPearl/RVC-Model-Palace/resolve/main/GilbertGottfried.zip;Gilbert Gottfried;RVC2, RMVPE;575;;https://huggingface.co/analogspiderweb/analogspiderweb_RVC/resolve/main/gilbertgottfried.zip;Gilbert Gottfried;RVC2;300;;https://huggingface.co/Coleereer/EGadd/resolve/main/GilbertGottfried.zip;Gilbert Gottfried;RVC2;200;;https://huggingface.co/hoffmandess122/Gilbert/resolve/main/Gilbert.zip;;;;;;;;;;;;;;;;;;;;;;;;;;;;;;
Gilgamesh;Fate/Stay Night;Ov2-Super;1190;;https://huggingface.co/Kaiser41/ModelMasterHQ/resolve/main/Fate%20-%20Universe/Gilgamesh.zip;Gilgamesh;RVC2, RMVPE;400;;https://huggingface.co/PGR-RVC/Fate_RVC_v2/resolve/main/GilgameshCaster_RVC_v2_RMVPE_400e.zip?download=true;Gilgamesh;RVC2, RMVPE;300;;https://huggingface.co/MrSneakyD/DoobusGoobus_RVC/resolve/main/Gilgamesh.zip;Gilgamesh;RVC2;200;;https://huggingface.co/mikarchive/Mikarchive_Models/resolve/main/Gilgamesh-Fate.zip;;;;;;;;;;;;;;;;;;;;;;;;;;;;;;
Gingerbread Man;Shrek;RVC2;500;Russian;https://huggingface.co/Player1444/AI.models/resolve/main/Gingerbread%20Man-rus%20dub.zip?download=true;Gingerbread Man;RVC2;500;Russian;https://huggingface.co/Player1444/AI.models/resolve/main/Gingerbread%20Man-rus%20dub.zip;Gingerbread Man;RMVPE;250;;https://huggingface.co/BindyCot/GingerbreadManRVCV2/resolve/main/gingyvoice.zip;;;;;;;;;;;;;;;;;;;;;;;;;;;;;;;;;;;
Gino the Chicken;Gino The Chicken;RVC2;300;;https://huggingface.co/LopunGerts/ForeignBirds/resolve/main/GinoilPolloSinging.zip?download=true;Gino (Singing);RVC2;300;;https://huggingface.co/LopunGerts/ForeignBirds/resolve/main/GinoSingingOther.zip?download=true;Gino (Speaking);RVC2;300;;https://huggingface.co/LopunGerts/ForeignBirds/resolve/main/GinoilPolloSpeaking.zip?download=true;;;;;;;;;;;;;;;;;;;;;;;;;;;;;;;;;;;
Giorgio Napolitano;Politician;RMVPE;250;Italian;https://huggingface.co/FanFierik/GiorgioNapolitano/resolve/main/GiorgioNapolitano.zip?download=true;Giorgi Napolitano;RVC2;250;Italian;https://huggingface.co/FanFierik/GiorgioNapolitano/resolve/main/GiorgioNapolitano.zip;;;;;;;;;;;;;;;;;;;;;;;;;;;;;;;;;;;;;;;;
Giselle;Singer;RVC2;300;Korean;https://huggingface.co/4naluvs/GiselleAeri/resolve/main/Aeri.zip;Giselle of aespa;RVC2;500;Korean;https://huggingface.co/leeloli/giselle-rap-by-leelo/resolve/main/gisellerap.zip;Giselle of Aespa;RVC2;500;;https://huggingface.co/leeloli/giselle-by-leelo/resolve/main/giselle.zip;;;;;;;;;;;;;;;;;;;;;;;;;;;;;;;;;;;
Gizmo (Flipnote Creator) (RVC v2) 200 & 400 Epochs;;RVC2;400;;https://huggingface.co/MrAK2006/RVCModels/resolve/main/gizmoteen.zip;Gizmo;RVC2;250;;https://huggingface.co/Camthekirby/My-Funky-Models/resolve/main/Gizmo.zip;Gizmo (Multiversus);;;;https://models.weights.gg/cloeg14bg000xl308f6svkrl8.zip;Gizmo (Multiversus);;;;https://huggingface.co/rayzox57/Gremlins_RVC/resolve/main/Gremlins_Gizmo_v2_1000e.zip;;;;;;;;;;;;;;;;;;;;;;;;;;;;;;
Glamrock Chica;FNAF;RVC2, RMVPE;300;;https://huggingface.co/RUXHIR2828/GlamRockChica/resolve/main/glamrockchica.zip;Glamrock Chica (Fury's Rage);;300;;https://huggingface.co/Blocktoast64/Blocktoasts-RVC-Models/blob/main/Glamrock-Chica-furysrage.zip;Glamrock Chica;RVC2, RMVPE;150;;https://huggingface.co/PlayerBPlaytime/My-Models/resolve/main/GlamrockChica.zip?download=true;;;;;;;;;;;;;;;;;;;;;;;;;;;;;;;;;;;
Glamrock Freddy;FNAF;RVC2, RMVPE;100;;https://huggingface.co/WoomyPearl/RVC-Model-Palace/resolve/main/GlamrockFreddyZaccActs.zip;Glamrock Freddy;;150;;https://huggingface.co/C0ttontheBunny/GlamFred/resolve/main/GlamrockFreddyy.zip?download=true;Glamrock Freddy;RVC2;215;;https://huggingface.co/RichardPupRoo/FNAF-FruitCake-AiVoices/resolve/main/Glamrock%20Freddy%20(Fruitcock).zip;Glamrock Freddy;RVC2;250;;https://huggingface.co/kiwiee/GlamrockFreddy/resolve/main/GR_Freddy.zip;Glamrock Freddy;;300;;https://huggingface.co/Blocktoast64/Blocktoasts-RVC-Models/blob/main/glamrock-freddy-furys-rage.zip;Glamrock Freddy;RVC2, RMVPE;150;;https://huggingface.co/PlayerBPlaytime/My-Models/resolve/main/GlamrockFreddy.zip?download=true;Glamrock Freddy;RVC2;250;;https://huggingface.co/Nibitheguyondiscord/RVCModels/resolve/main/Glamrock-Freddy.zip;Glamrock Freedy;RVC2;260;;https://huggingface.co/Biotin/GlamrockFreddy/resolve/main/GlamrockFreddy.zip;;;;;;;;;;
Glenn Quagmire;Family Guy;RVC2, RMVPE;180;Italian;https://huggingface.co/antoskyron/quagmire/resolve/main/quagmire.zip;;;;;;;;;;;;;;;;;;;;;;;;;;;;;;;;;;;;;;;;;;;;;
Gloria;Madagascar;RVC2;500;;https://huggingface.co/Player1444/AI.models/resolve/main/Gloria.zip;Gloria (Madagascar);RVC2;500;Russian;https://huggingface.co/Player1444/AI.models/resolve/main/Gloria-rus-dub%20(Trained%20on%20Snowie%20V3).zip?download=true;;;;;;;;;;;;;;;;;;;;;;;;;;;;;;;;;;;;;;;;
G-Man;Half Life;RVC2;600;;https://huggingface.co/BigMitchell/gman/resolve/main/gman.zip;G-Man;RVC2;260;;https://huggingface.co/datasets/dread1900/G-Man/resolve/main/G-Man.zip;G-Man;RVC2;250;Italian & German;https://huggingface.co/Vomitaco15/AI/resolve/main/G-Man.zip;G-Man;RVC2, RMVPE;400;;https://huggingface.co/ScruffyRVC/RFCRVCV2/resolve/main/gmanv2.zip?download=true;;;;;;;;;;;;;;;;;;;;;;;;;;;;;;
Gol D. Roger;One Piece;RVC2;250;;https://huggingface.co/RevolutionaryPie/GolDRogerRVC/resolve/main/GolDRoger.zip;Gol D. Roger (Pre-Timeskip);RVC2;205;;https://huggingface.co/Skeetawn/OnePiece-Gol_D_Roger-ORIGINAL/resolve/main/OnePiece-Gol_D_Roger-ORIGINAL.zip;;;;;;;;;;;;;;;;;;;;;;;;;;;;;;;;;;;;;;;;
Golden Freddy;FNAF;;350;;https://huggingface.co/Homiebear/GoldenFreddyTLT/resolve/main/GoldenFreddyTLT.zip?download=true;Golden Freddy;RMVPE;450;;https://huggingface.co/LivingGift/David_Near_FNAF_Voices/resolve/main/Golden%20Freddy.zip?download=true;Golden Freddy (Latin);RVC2;60;Spanish;https://huggingface.co/Meido2/GoldenFreddy/resolve/main/GoldenFreddyAR.zip;Golden Freddy (Phone Call);RMVPE;300;;https://huggingface.co/Homiebear/GoldenFreddy-call5/resolve/main/FNAF%20GoldenFreddy.zip?download=true;Golden Freddy (Cassidy);RVC2;200;;https://huggingface.co/RichardPupRoo/AnInterviewWith-AIVoices/resolve/main/Golden%20Freddy%20(Interview).zip;Golden Freddy (Cassidy Laugh);RVC2;250;;https://huggingface.co/vinnystop/goldenfred/resolve/main/goldfre.zip?download=true;;;;;;;;;;;;;;;;;;;;
Goofy;Disney;RVC2;600;English;https://huggingface.co/NewTab/GoofyBrockBakerRVC/resolve/main/GoofyBrockBaker.zip;Goofy (Latin);RVC2, RMVPE;200;Spanish;https://huggingface.co/WoomyPearl/RVC-Model-Palace/resolve/main/GoofyLA.zip;Goofy (Polish);RVC2;875;Polish;https://huggingface.co/Nikt271/Goofy/resolve/main/Goofy.zip;Goofy Laugh;RVC2, RMVPE;420;;https://huggingface.co/EvanTheToonGuy40/RVC_Models/resolve/main/GoofyAhhLaugh.zip;Goofy (Vittorio Amandola);RVC2;100;;https://huggingface.co/Loren85/Pippo-Italian-Dub/resolve/main/Pippo%20Vittorio%20Amandola%20voce.zip?download=true;;;;;;;;;;;;;;;;;;;;;;;;;
Gordon Freeman;Half Life;;300;;http://accursedfarms.com/downloads/other/FM_voice_tracks.zip;Gordon Freeman;RVC2;550;;https://huggingface.co/litsathedancer/Gordon/resolve/main/Gordon.zip;;;;;;;;;;;;;;;;;;;;;;;;;;;;;;;;;;;;;;;;
Gordon Ramsay (Speaking) [RVC V2] (230 Epochs);;RVC2;230;;https://huggingface.co/AstralBlade/Model/blob/main/GordonRamsay.zip;Gordon Ramsay;RVC2, OV2 Super;250;;https://huggingface.co/rayzox57/GordonRamsay_RVC/resolve/main/GordonRamsay_v2_ov2_250e.zip;;;;;;;;;;;;;;;;;;;;;;;;;;;;;;;;;;;;;;;;
Gotenks;Dragon Ball;RVC2;300;;https://huggingface.co/SyberGen/DragonBallVModels/resolve/main/Gotenks.zip;Gotenks (Masako Nozawa & Takeshi Kusao);RVC2;250;Japanese;https://huggingface.co/Goshujin/GoshujinRVC/resolve/main/GotenksJPN.zip;;;;;;;;;;;;;;;;;;;;;;;;;;;;;;;;;;;;;;;;
Green Lantern;DC;RVMPE;200;;https://huggingface.co/Homiebear/Greenlantern/resolve/main/GreenLantern.zip?download=true;Green Lantern / John Stewart;RVC2, RMVPE;1200;;https://huggingface.co/The-Doctor/The-DoctorRVC/resolve/main/GreenLanternJS_v2_1200e.zip;;;;;;;;;;;;;;;;;;;;;;;;;;;;;;;;;;;;;;;;
Greninja;Pokemon;RVC2;300;;https://huggingface.co/Zeal-anton-ski/Sage/resolve/main/Greninja.zip?download=true;;;;;;;;;;;;;;;;;;;;;;;;;;;;;;;;;;;;;;;;;;;;;
Griff;Brawl Stars;RVC2;250;;https://huggingface.co/EndermanPierce/Griff/resolve/main/Griff.zip;;;;;;;;;;;;;;;;;;;;;;;;;;;;;;;;;;;;;;;;;;;;;
Grinch ( how Grinch stole christmas) (RVC V2) (500 Epochs);;RVC2;500;;https://huggingface.co/Player1444/AI.models/resolve/main/Grinch.zip;Grinch (Boris Karloff);RVC2, RMVPE;200;;https://huggingface.co/SirLucas9090/GrinchKarloff/resolve/main/GrinchKarloff.zip;;;;;;;;;;;;;;;;;;;;;;;;;;;;;;;;;;;;;;;;
Grom;Brawl Stars;RVC2;250;;https://huggingface.co/cocoa7/GromBS/resolve/main/grom.zip;;;;;;;;;;;;;;;;;;;;;;;;;;;;;;;;;;;;;;;;;;;;;
Gru;Despicable Me;RVC2;250;;https://huggingface.co/NewTab/RVCModelsV1orV2/resolve/main/GruDealtasticMe.zip;Gru;RVC2;120;;https://huggingface.co/vexxed/VexxedRVC/resolve/main/Gru-v2-48k-120e.zip;Gru (Latin);RVC2, RMVPE;300;;https://huggingface.co/AmanBOT/Gru/resolve/main/Gru.zip;;;;;;;;;;;;;;;;;;;;;;;;;;;;;;;;;;;
Guido Mista;JoJo's Bizarre Adventure;RVC2;220;English;https://huggingface.co/coconutfarm/GuidoMista_ENG/resolve/main/Mista_220v2.zip;Guido Mista;RVC2;300;;https://huggingface.co/coconutfarm/PS2_Mista/resolve/main/PS2_Mista.zip;Guido Mista;RVC2;700;;https://huggingface.co/PetroOne/PetroOneRVC/resolve/main/Guido%20Mista.zip;Guido Mista;RVC2;210;Japanese;https://huggingface.co/Gamerwater12/Guido-Mista-JP/resolve/main/Guido-Mista-JP.zip;;;;;;;;;;;;;;;;;;;;;;;;;;;;;;
Gumball;The Amazing World of Gumball;RVC2;200;Portuguese (BR);https://huggingface.co/upetilho1/GumballTuga/resolve/main/gumballPT.mp3.zip;Gumball (TAWOG);RVC2;100;;https://huggingface.co/Ai-ish/Aimodel2/resolve/main/Junkyjanker-gumball.zip;Gumball (Paolo Filio);RVC2;300;Italian;https://huggingface.co/Alejo520/ModelsByAlejo520/resolve/main/gumball-paolo_filio.zip;Gumball;RVC2;200;English;https://drive.google.com/file/d/1E8p8ojdPoK6ChJa8hhUkqJ1ZYyd0oG2_/view?usp=sharing;Gumball;RVC2;300;Turkish;https://app.kits.ai/convert/shared/gumball-turkish;Gumball;;;Polish;https://app.kits.ai/convert/shared/gumball-Z8B7K8WHJJ;Gumball;RVC2;250;Russian;https://huggingface.co/vadigr123/vadim/resolve/main/Gumball_Watterson.zip;Gumball;;;Japanese;https://models.weights.gg/f79e35f4-2581-40c5-85ee-d5c56e03bb70.zip;Gumball (2nd Italian DUB);RVC2;100;Italian;https://huggingface.co/FanFierik/Gumball/resolve/main/Gumball.zip?download=true;;;;;
Gummibär;The Gummy Bear;RVC2, RMVPE;300;German;https://huggingface.co/daasshole/gummibaer_2010/resolve/main/gummibaer_2010.zip?download=true;Gummibär;RVC2;300;Greek;https://huggingface.co/nogkt/gbgreek/resolve/main/gbgreek.zip;The Gummy Bear;RVC2,RMVPE;1000;Spanish;https://huggingface.co/snintendog/Gummibar-Spanish/resolve/main/GummiBar%20Spanish.zip?download=true;;;;;;;;;;;;;;;;;;;;;;;;;;;;;;;;;;;
Gus;Brawl Stars;;;;https://huggingface.co/kisLottUS/Gus_Brawl_Stars/resolve/main/GUS_RVCV2.zip?download=true;;;;;;;;;;;;;;;;;;;;;;;;;;;;;;;;;;;;;;;;;;;;;
Guy Hamdon;SheZow;;100;English;https://huggingface.co/WoomyPearl/RVC-Model-Palace/resolve/main/SheZowDMB.zip;Guy Hamdon;RMVPE;100;French;https://huggingface.co/WoomyPearl/RVC-Model-Palace/resolve/main/SheZowFR.zip;Guy Hamdon;RMVPE;100;Portuguese;https://huggingface.co/WoomyPearl/RVC-Model-Palace/resolve/main/SheZowBR.zip;Guy Hamdon (Latin);RVC2, RMVPE;200;Spanish;https://huggingface.co/EvanTheToonGuy40/RVC_Models/resolve/main/SheZowLatino.zip;Guy Hamdon (Samuel Vincent);;1000;English;https://huggingface.co/Blocktoast64/Blocktoasts-RVC-Models/blob/main/Shesow%20(dataset%20by%20Woomypearl).zip;Guy Hamdon (Tacotron 2);RVC2, RMVPE;200;;https://huggingface.co/WoomyPearl/RVC-Model-Palace/resolve/main/SheZowTacotron2.zip;;;;;;;;;;;;;;;;;;;;
Gwen;League of Legends;;300;;https://huggingface.co/Blocktoast64/Blocktoasts-RVC-Models/blob/main/gwen-campcamp-Katilin-Becker.zip;Gwen;RVC2;500;;https://huggingface.co/AyyMann/AyyMannAI/resolve/main/GwenTheHallowedSeamstress.zip;Gwen;RVC2, RMVPE;500;;https://huggingface.co/AyyMann/AyyMannAI/resolve/main/GwenTheHallowedSeamstress.zip?download=true;;;;;;;;;;;;;;;;;;;;;;;;;;;;;;;;;;;
Gyutaro;Demon Slayer;RVC2;600;Japanese;https://huggingface.co/Kuma6/Gyutaro/resolve/main/Gyutaro.zip;Gyutaro;RVC2;400;Russian;https://huggingface.co/KristheBat/Gyutaro_rus_dub/resolve/main/Gyutaro400.zip;;;;;;;;;;;;;;;;;;;;;;;;;;;;;;;;;;;;;;;;
Hachikuji Mayoi;Monogatari;RVC2;200;;https://huggingface.co/ThjtCien/MonogatariRVC/resolve/main/HachikujiMayoi.zip;Hachikuji Mayoi;RVC2, RMVPE;200;;https://huggingface.co/ThjtCien/MonogatariRVC/resolve/main/HachikujiMayoi.zip%3C;;;;;;;;;;;;;;;;;;;;;;;;;;;;;;;;;;;;;;;;
Hagrid;Harry Potter;RVC2;400;French;https://huggingface.co/Mcfloy/HagridFR/resolve/main/HagridFR.zip;Hagrid (Francesco Pannofino);RVC2;300;Italian;https://huggingface.co/Loren85/Hagrid-Film-Italian-dub/resolve/main/Hagrid-Italian-Dub-film.zip?download=true;Hagrid (Pietro Ubaldi);RVC2;250;Italian;https://huggingface.co/Loren85/Hagrid-PS1-Italian-Dub/resolve/main/HagridPS1VoiceIta.zip;;;;;;;;;;;;;;;;;;;;;;;;;;;;;;;;;;;
Hatsune Miku;Hatsune Miku;RVC2;1000;;https://huggingface.co/javinfamous/infamous_miku_v2/resolve/main/infamous_miku_v2.zip;Hatsune Miku (Crypton Future Media);RVC2;30;;https://huggingface.co/aple/HatsuneMikuRVC/resolve/main/miku_default_rvc.zip;Hatsune Miku (Latin);RVC2;300;Spanish;https://huggingface.co/Alejo520/ModelsByAlejo520/resolve/main/hatsune-miku-Latin-Spanish.zip;Hatsune Miku (Kagerou Daze/Days);RVC2;300;;https://drive.google.com/file/d/1HxQUaC8TR4kzgSqCF1dbtpNm7EMR_N2_/view?usp=sharing;Hatsune Miku (Sega Tunning);RVC2;200;;https://huggingface.co/SonicInGug/Miku-Diva/resolve/main/MikuDiva.zip;;;;;;;;;;;;;;;;;;;;;;;;;
Homer Simpson;The Simpsons;RVC2;150;;https://huggingface.co/REDACTEDREDACT/HomerMugen/resolve/main/HomerMugen.zip;Homer Simpson (Tonino Accolla);RVC2, Ov2;350;Italian;https://huggingface.co/Loren85/Homer-Simpson-Ita-vecchio-Doppiatore/resolve/main/Homer%20Simpson%20Ita%20(vecchio%20doppiatore).zip?download=true;Homer Simpson (Hit & Run);;500;;https://huggingface.co/Homiebear/HomerSimper/resolve/main/HomerSimpson.zip?download=true;Homer Simpson;RVC2;300;French;https://huggingface.co/Sunwest/Homer_Simpson_300/resolve/main/homer_300_V0.1.zip;;;;;;;;;;;;;;;;;;;;;;;;;;;;;;
Hu Tao;Genshin Impact;RVC2;500;;https://huggingface.co/benitheworld/hutao-cn/resolve/main/hutao-cn.zip;Hu Tao;RVC2, RMVPE, Ov2;400;;https://huggingface.co/Voxelcraft/AIModels/resolve/main/HuTao.zip;Hu Tao;RVC2;150;English;https://huggingface.co/crashwastaken/HuTao/resolve/main/Genshin%20Hu%20Tao.zip?download=true;Hu Tao;RVC2;399;Japanese;https://huggingface.co/RinkaEmina/RVC_Sharing/resolve/main/Hu_Tao_V2_48000Hz_Magio_Crepe.zip;;;;;;;;;;;;;;;;;;;;;;;;;;;;;;
Jair Bolsonaro;Politician;RVC2;100;;https://huggingface.co/LH6582/Bolsonaro/resolve/main/Bolsonaro.zip;;;;;;;;;;;;;;;;;;;;;;;;;;;;;;;;;;;;;;;;;;;;;
Jennie of Blackpink;Singer;RVC2;450;Korean;https://huggingface.co/leeloli/jenniesoft/resolve/main/jenniesoft.zip;Jennie of Blackpink (Strong Version);RVC2;500;Korean;https://huggingface.co/leeloli/jenniestrong/resolve/main/jenniestrong.zip;;;;;;;;;;;;;;;;;;;;;;;;;;;;;;;;;;;;;;;;
Jessie;Brawl Stars;RMVPE;300;;https://huggingface.co/asonist/Jessie/resolve/main/Jessie_e300_s1200.zip?download=true;;;;;;;;;;;;;;;;;;;;;;;;;;;;;;;;;;;;;;;;;;;;;
Joe Biden;Politician;;;;https://huggingface.co/Nardicality/so-vits-svc-4.0-models/tree/main;Joe Biden Robocaller;RVC2, RMVPE;200;;https://huggingface.co/WoomyPearl/RVC-Model-Palace/resolve/main/JoeBidenRobocall.zip;;;;;;;;;;;;;;;;;;;;;;;;;;;;;;;;;;;;;;;;
Justin Bieber;Singer;RVC2, RMVPE;330;;https://huggingface.co/drakepreet/AIModelsRVC/blob/main/JustinBieber_v2_e330.zip;Justin Bieber;RVC2;600;;https://huggingface.co/HarryAJMK418/Justin_Bieber/resolve/main/Justin%20Bieber.zip;Justin Bieber (Purpose Era);RVC2;300;;https://huggingface.co/aaaqaqaa/purposeaudacity/blob/main/purposeaudacity.zip;Justin Bieber;RVC;250;;https://drive.google.com/file/d/1F6JFO2O960l9fF3-BrJ2kAm4mPCaUDr2/view?usp=share_link;;;;;;;;;;;;;;;;;;;;;;;;;;;;;;
Kanye West;Singer;RVC2;200;;https://huggingface.co/fivebilliion/yandhikanye/blob/main/yandhikanye200.zip;Kanye West (Donda Era);RVC2;200;;https://huggingface.co/raptarantino/kanyedonda/resolve/main/dondaera200.zip;Kanye West (Donda v2);RMVPE;850;;https://huggingface.co/UnitedShoes/kanye-dondav2-batch8/tree/main;Kanye West (Graduation Era);RVC2;300;;https://huggingface.co/TheRealheavy/KanyeWestGraduationEra/resolve/main/KanyeWestGraduation.zip?download=true;Kanye West (Love Lockdown);RMVPE, OV2;4200;;https://huggingface.co/UnitedShoes/lovelockdown-high1/tree/main;Kanye West (Runaway Ending);RVC2;150;;https://huggingface.co/Margen67/kanyewest_runaway/resolve/main/kanyewest_runaway.zip;Kanye West (The College Dropout);RVC2, RMVPE;275;;https://huggingface.co/GoDZ21/KanyeWest_TheCollegeDropout_Era_RVCv2/resolve/main/trained_KanyeWest_TheCollegeDropout_Era_RVCv2.zip;Kanye West (Ye Era);RVC2, OV2;350;;https://huggingface.co/Bruh110/KANYEWESTYE/resolve/main/KANYEWEST_YE_ERA.zip?download=true;Kanye West (1K);RVC;1000;;https://mega.nz/file/ycwVzCSa#zGkCG6-riiPyR6oPn_loMjYNUOdxIY06vwW1XN5nAOI;;;;;
Leon;Brawl Stars;RVC2, RMVPE;200;;https://huggingface.co/adaaddad/brawl-stars-voices/resolve/main/leon.zip?download=true;;;;;;;;;;;;;;;;;;;;;;;;;;;;;;;;;;;;;;;;;;;;;
Luiz Inácio Lula da Silva;Politician;RVC2;100;;https://huggingface.co/LH6582/Lula/resolve/main/Lula.zip;;;;;;;;;;;;;;;;;;;;;;;;;;;;;;;;;;;;;;;;;;;;;
Maisy;Brawl Stars;RVC2, RMVPE;200;;https://huggingface.co/adaaddad/brawl-stars-voices/resolve/main/maisy.zip?download=true;;;;;;;;;;;;;;;;;;;;;;;;;;;;;;;;;;;;;;;;;;;;;
Meg;Brawl Stars;RVC2, RMVPE;350;;https://huggingface.co/Timur04129/Meg/resolve/main/Meg%20(Brawl%20Stars).zip?download=true;;;;;;;;;;;;;;;;;;;;;;;;;;;;;;;;;;;;;;;;;;;;;
Melodie;Brawl Stars;RVC2, RMVPE;200;;https://huggingface.co/PlayerBPlaytime/My-Models/resolve/main/Melodie.zip;Melody;RVC2, RMVPE;200;;https://huggingface.co/adaaddad/brawl-stars-voices/resolve/main/melody_32k.zip?download=true;;;;;;;;;;;;;;;;;;;;;;;;;;;;;;;;;;;;;;;;
Mico;Brawl Stars;;;;https://huggingface.co/fernandogg2009/Mico/resolve/main/mico.zip?download=true;;;;;;;;;;;;;;;;;;;;;;;;;;;;;;;;;;;;;;;;;;;;;
Minecraft Villager;Minecraft;RVC2;375;;https://huggingface.co/misobeef1/mcvillager/blob/main/mcvillager.zip;Minecraft Villager (Retrained);RVC2;300;;https://huggingface.co/SyberGen/Minecraft-VModels/resolve/main/VillagerElemAnim-v2.zip;Minecraft Villager;RVC2;500;;https://huggingface.co/analogspiderweb/analogspiderweb_RVC/resolve/main/villager.zip?download=true;Minecraft Villager;;1000;;https://huggingface.co/Blocktoast64/Blocktoasts-RVC-Models/blob/main/Villager%20(Minecraft).zip;;;;;;;;;;;;;;;;;;;;;;;;;;;;;;
Mortis;Brawl Stars;;;;https://huggingface.co/fernandogg2009/Mortis/resolve/main/Mortis.zip?download=true;;;;;;;;;;;;;;;;;;;;;;;;;;;;;;;;;;;;;;;;;;;;;
Pavel Shampanov;Youtuber;RVC2, RMVPE;500;;https://huggingface.co/dragoncrack/https___www_donationalerts_com_r_crack_dragon/resolve/main/SHAMPANOV.zip?download=true;;;;;;;;;;;;;;;;;;;;;;;;;;;;;;;;;;;;;;;;;;;;;
Poco;Brawl Stars;;;;https://models.weights.gg/fc21291e-5d67-4536-b47b-72116b8cca93.zip;;;;;;;;;;;;;;;;;;;;;;;;;;;;;;;;;;;;;;;;;;;;;
R-T;Brawl Stars;RVC2;300;;https://huggingface.co/cocoa7/R-TBS/resolve/main/r-t.zip;;;;;;;;;;;;;;;;;;;;;;;;;;;;;;;;;;;;;;;;;;;;;
Sam;Brawl Stars;RVC2;300;;https://huggingface.co/cocoa7/SamBS/resolve/main/sam.zip?download=true;;;;;;;;;;;;;;;;;;;;;;;;;;;;;;;;;;;;;;;;;;;;;
Sandy;Brawl Stars;RVC2;250;;https://huggingface.co/UltraSand/Sandy_Brawl_Stars/resolve/main/Ultimate-Sand.zip;;;;;;;;;;;;;;;;;;;;;;;;;;;;;;;;;;;;;;;;;;;;;
Sprout;Brawl Stars;RVC1;500;;https://huggingface.co/KnuxGe1mer/BrawlStars/resolve/main/Sprout.zip;;;;;;;;;;;;;;;;;;;;;;;;;;;;;;;;;;;;;;;;;;;;;
Stu;Brawl Stars;RVC2;300;;https://cdn.discordapp.com/attachments/871824348019847219/1159977389196058756/speedin.wav?ex=6532fc20&hm=7e197c1d4cee88320156aaf0c136f5a47cb8d1ae04f91415bf46a105eec47e74&is=65208720;Stu;RVC2;300;;https://huggingface.co/cocoa7/StuBS/resolve/main/stu.zip;;;;;;;;;;;;;;;;;;;;;;;;;;;;;;;;;;;;;;;;
Surge;Brawl Stars;RVC2;300;;https://huggingface.co/EndermanPierce/Surge/resolve/main/Surge.zip;;;;;;;;;;;;;;;;;;;;;;;;;;;;;;;;;;;;;;;;;;;;;
Vladimit Putin;Politician;RVC2;;Russian;https://models.weights.gg/6e284959-6195-471b-b4c4-851c7242f0b9.zip;Vladimir Putin;RVC2;300;Russian;https://huggingface.co/Stevenojob/putin/resolve/main/vladimir_putin.zip;;;;;;;;;;;;;;;;;;;;;;;;;;;;;;;;;;;;;;;;
